construction,designed_te,seed,orientation,eta,bandwidth,sample_gc,sample_gaussian_te,sample_canonical_cs,kde_cs
0,0.7881150980505566,774772392,official-featurewise,0.02,0.5485772537687086,1.6283188120128285,0.8141594060064142,0.5898461851502563,0.061946806217665795
0,0.7881150980505566,774772392,official-featurewise,0.05,1.3714431344217717,1.6283188120128285,0.8141594060064142,0.5898461851502563,0.011407850414144605
0,0.7881150980505566,774772392,official-featurewise,0.2,5.485772537687087,1.6283188120128285,0.8141594060064142,0.5898461851502563,1.9094880460812647e-05
0,0.7881150980505566,774772392,samplewise,0.02,0.056482902087854336,1.6283188120128285,0.8141594060064142,0.5898461851502563,0.2048109066552266
0,0.7881150980505566,774772392,samplewise,0.05,0.14120725521963584,1.6283188120128285,0.8141594060064142,0.5898461851502563,0.2247597882212471
0,0.7881150980505566,774772392,samplewise,0.2,0.5648290208785434,1.6283188120128285,0.8141594060064142,0.5898461851502563,0.05956789530918272
1,0.5735316467217287,1437555052,official-featurewise,0.02,0.41176905832945454,1.0337545761678797,0.5168772880839398,0.3412341004362306,0.11711415641856426
1,0.5735316467217287,1437555052,official-featurewise,0.05,1.0294226458236364,1.0337545761678797,0.5168772880839398,0.3412341004362306,0.01873490216373952
1,0.5735316467217287,1437555052,official-featurewise,0.2,4.117690583294546,1.0337545761678797,0.5168772880839398,0.3412341004362306,2.3727654919980523e-05
1,0.5735316467217287,1437555052,samplewise,0.02,0.042071386557404104,1.0337545761678797,0.5168772880839398,0.3412341004362306,0.19595930446019771
1,0.5735316467217287,1437555052,samplewise,0.05,0.10517846639351025,1.0337545761678797,0.5168772880839398,0.3412341004362306,0.19349356996585776
1,0.5735316467217287,1437555052,samplewise,0.2,0.420713865574041,1.0337545761678797,0.5168772880839398,0.3412341004362306,0.1140245190799618
2,1.065406785690821,973523261,official-featurewise,0.02,0.6675457079929583,1.8628995635620111,0.9314497817810056,0.6942142474474975,0.05242538098884886
2,1.065406785690821,973523261,official-featurewise,0.05,1.668864269982396,1.8628995635620111,0.9314497817810056,0.6942142474474975,0.008390706648526702
2,1.065406785690821,973523261,official-featurewise,0.2,6.675457079929584,1.8628995635620111,0.9314497817810056,0.6942142474474975,8.122307708191556e-06
2,1.065406785690821,973523261,samplewise,0.02,0.07135225030550273,1.8628995635620111,0.9314497817810056,0.6942142474474975,0.16183987110489628
2,1.065406785690821,973523261,samplewise,0.05,0.1783806257637568,1.8628995635620111,0.9314497817810056,0.6942142474474975,0.1943742211320565
2,1.065406785690821,973523261,samplewise,0.2,0.7135225030550272,1.8628995635620111,0.9314497817810056,0.6942142474474975,0.04766545903528652
3,0.17918363952139546,657537407,official-featurewise,0.02,0.35777832406976723,0.3158314594523649,0.15791572972618245,0.0878103655241589,0.06793847759608518
3,0.17918363952139546,657537407,official-featurewise,0.05,0.894445810174418,0.3158314594523649,0.15791572972618245,0.0878103655241589,0.015017758337176446
3,0.17918363952139546,657537407,official-featurewise,0.2,3.577783240697672,0.3158314594523649,0.15791572972618245,0.0878103655241589,1.4124710357776848e-05
3,0.17918363952139546,657537407,samplewise,0.02,0.03440065161274431,0.3158314594523649,0.15791572972618245,0.0878103655241589,0.16576931444388965
3,0.17918363952139546,657537407,samplewise,0.05,0.08600162903186077,0.3158314594523649,0.15791572972618245,0.0878103655241589,0.22059676673426054
3,0.17918363952139546,657537407,samplewise,0.2,0.3440065161274431,0.3158314594523649,0.15791572972618245,0.0878103655241589,0.0709486943466704
4,0.14119287241348633,2068526061,official-featurewise,0.02,0.34685321167291144,0.38318655687064085,0.19159327843532042,0.1086696391418141,0.07221346186126354
4,0.14119287241348633,2068526061,official-featurewise,0.05,0.8671330291822786,0.38318655687064085,0.19159327843532042,0.1086696391418141,0.018314069661307997
4,0.14119287241348633,2068526061,official-featurewise,0.2,3.4685321167291145,0.38318655687064085,0.19159327843532042,0.1086696391418141,2.2922657695545468e-05
4,0.14119287241348633,2068526061,samplewise,0.02,0.03467680609613146,0.38318655687064085,0.19159327843532042,0.1086696391418141,0.1903375180139859
4,0.14119287241348633,2068526061,samplewise,0.05,0.08669201524032866,0.38318655687064085,0.19159327843532042,0.1086696391418141,0.18806966203795383
4,0.14119287241348633,2068526061,samplewise,0.2,0.34676806096131463,0.38318655687064085,0.19159327843532042,0.1086696391418141,0.07223097073802087
5,0.09345675740728622,598494934,official-featurewise,0.02,0.36090883624535125,0.19236440332279314,0.09618220166139657,0.051447923169284544,0.036767989538242674
5,0.09345675740728622,598494934,official-featurewise,0.05,0.9022720906133781,0.19236440332279314,0.09618220166139657,0.051447923169284544,0.005170402256407414
5,0.09345675740728622,598494934,official-featurewise,0.2,3.6090883624535124,0.19236440332279314,0.09618220166139657,0.051447923169284544,8.228360066198093e-06
5,0.09345675740728622,598494934,samplewise,0.02,0.033415576014145784,0.19236440332279314,0.09618220166139657,0.051447923169284544,0.1823159245213395
5,0.09345675740728622,598494934,samplewise,0.05,0.08353894003536447,0.19236440332279314,0.09618220166139657,0.051447923169284544,0.2788965979244775
5,0.09345675740728622,598494934,samplewise,0.2,0.33415576014145787,0.19236440332279314,0.09618220166139657,0.051447923169284544,0.04491617089462885
6,1.0644662656087926,641368109,official-featurewise,0.02,0.6873680296130165,1.8664307100815876,0.9332153550407938,0.695806396413502,0.049447059377017766
6,1.0644662656087926,641368109,official-featurewise,0.05,1.7184200740325413,1.8664307100815876,0.9332153550407938,0.695806396413502,0.00584521116803316
6,1.0644662656087926,641368109,official-featurewise,0.2,6.873680296130165,1.8664307100815876,0.9332153550407938,0.695806396413502,8.232764464821685e-06
6,1.0644662656087926,641368109,samplewise,0.02,0.06909976711928807,1.8664307100815876,0.9332153550407938,0.695806396413502,0.14743111095444128
6,1.0644662656087926,641368109,samplewise,0.05,0.17274941779822017,1.8664307100815876,0.9332153550407938,0.695806396413502,0.16933103006293138
6,1.0644662656087926,641368109,samplewise,0.2,0.6909976711928807,1.8664307100815876,0.9332153550407938,0.695806396413502,0.04903092834838141
7,0.17965876053623125,1946044515,official-featurewise,0.02,0.3433134316396444,0.3720526263712021,0.18602631318560106,0.10517355977327483,0.06381814499241223
7,0.17965876053623125,1946044515,official-featurewise,0.05,0.858283579099111,0.3720526263712021,0.18602631318560106,0.10517355977327483,0.012104245589370066
7,0.17965876053623125,1946044515,official-featurewise,0.2,3.433134316396444,0.3720526263712021,0.18602631318560106,0.10517355977327483,1.958778664246097e-05
7,0.17965876053623125,1946044515,samplewise,0.02,0.033377411981700605,0.3720526263712021,0.18602631318560106,0.10517355977327483,0.18399665432702061
7,0.17965876053623125,1946044515,samplewise,0.05,0.08344352995425153,0.3720526263712021,0.18602631318560106,0.10517355977327483,0.19057328107072458
7,0.17965876053623125,1946044515,samplewise,0.2,0.3337741198170061,0.3720526263712021,0.18602631318560106,0.10517355977327483,0.06638050843374721
8,0.6800744653588063,1805028856,official-featurewise,0.02,0.5163914683430535,1.481493668798467,0.7407468343992335,0.5260977052608916,0.08117956936562365
8,0.6800744653588063,1805028856,official-featurewise,0.05,1.2909786708576336,1.481493668798467,0.7407468343992335,0.5260977052608916,0.011315905914241142
8,0.6800744653588063,1805028856,official-featurewise,0.2,5.1639146834305345,1.481493668798467,0.7407468343992335,0.5260977052608916,2.375713280855507e-05
8,0.6800744653588063,1805028856,samplewise,0.02,0.05091112393577484,1.481493668798467,0.7407468343992335,0.5260977052608916,0.2054633739634486
8,0.6800744653588063,1805028856,samplewise,0.05,0.12727780983943712,1.481493668798467,0.7407468343992335,0.5260977052608916,0.242040154198234
8,0.6800744653588063,1805028856,samplewise,0.2,0.5091112393577485,1.481493668798467,0.7407468343992335,0.5260977052608916,0.08316720470296524
9,0.6896303886794061,24112401,official-featurewise,0.02,0.4977630758015015,1.3360654191512953,0.6680327095756476,0.4643479614448818,0.10249758617493043
9,0.6896303886794061,24112401,official-featurewise,0.05,1.2444076895037537,1.3360654191512953,0.6680327095756476,0.4643479614448818,0.015370803494601404
9,0.6896303886794061,24112401,official-featurewise,0.2,4.977630758015015,1.3360654191512953,0.6680327095756476,0.4643479614448818,2.0003005676727525e-05
9,0.6896303886794061,24112401,samplewise,0.02,0.0499074532098689,1.3360654191512953,0.6680327095756476,0.4643479614448818,0.16972823579158458
9,0.6896303886794061,24112401,samplewise,0.05,0.12476863302467225,1.3360654191512953,0.6680327095756476,0.4643479614448818,0.19323215399353266
9,0.6896303886794061,24112401,samplewise,0.2,0.499074532098689,1.3360654191512953,0.6680327095756476,0.4643479614448818,0.10219099043446711
10,0.13996571917997003,1192238522,official-featurewise,0.02,0.3428605630099193,0.3522866217807978,0.1761433108903989,0.09901347088289651,0.0874624605456713
10,0.13996571917997003,1192238522,official-featurewise,0.05,0.8571514075247983,0.3522866217807978,0.1761433108903989,0.09901347088289651,0.017741875360822945
10,0.13996571917997003,1192238522,official-featurewise,0.2,3.4286056300991934,0.3522866217807978,0.1761433108903989,0.09901347088289651,1.9205169564884272e-05
10,0.13996571917997003,1192238522,samplewise,0.02,0.03437283883973668,0.3522866217807978,0.1761433108903989,0.09901347088289651,0.16541304760968245
10,0.13996571917997003,1192238522,samplewise,0.05,0.0859320970993417,0.3522866217807978,0.1761433108903989,0.09901347088289651,0.22504029399141778
10,0.13996571917997003,1192238522,samplewise,0.2,0.3437283883973668,0.3522866217807978,0.1761433108903989,0.09901347088289651,0.0872466887280634
11,0.3135851722588143,1303990961,official-featurewise,0.02,0.37755607040561534,0.5802354711588581,0.29011773557942905,0.17351833913078818,0.08517563373511194
11,0.3135851722588143,1303990961,official-featurewise,0.05,0.9438901760140385,0.5802354711588581,0.29011773557942905,0.17351833913078818,0.019616346521917905
11,0.3135851722588143,1303990961,official-featurewise,0.2,3.775560704056154,0.5802354711588581,0.29011773557942905,0.17351833913078818,2.6666585320356262e-05
11,0.3135851722588143,1303990961,samplewise,0.02,0.038117795403198595,0.5802354711588581,0.29011773557942905,0.17351833913078818,0.1960402359496296
11,0.3135851722588143,1303990961,samplewise,0.05,0.09529448850799649,0.5802354711588581,0.29011773557942905,0.17351833913078818,0.23394984160555676
11,0.3135851722588143,1303990961,samplewise,0.2,0.38117795403198595,0.5802354711588581,0.29011773557942905,0.17351833913078818,0.08443415655325026
12,0.43735881995483983,569243195,official-featurewise,0.02,0.41080289043447804,0.8143013522423534,0.4071506761211767,0.25718459491551654,0.08611897089857656
12,0.43735881995483983,569243195,official-featurewise,0.05,1.027007226086195,0.8143013522423534,0.4071506761211767,0.25718459491551654,0.015751594089049803
12,0.43735881995483983,569243195,official-featurewise,0.2,4.10802890434478,0.8143013522423534,0.4071506761211767,0.25718459491551654,2.250420168081746e-05
12,0.43735881995483983,569243195,samplewise,0.02,0.03905988769660442,0.8143013522423534,0.4071506761211767,0.25718459491551654,0.1840400104248605
12,0.43735881995483983,569243195,samplewise,0.05,0.09764971924151106,0.8143013522423534,0.4071506761211767,0.25718459491551654,0.19986471444235399
12,0.43735881995483983,569243195,samplewise,0.2,0.39059887696604423,0.8143013522423534,0.4071506761211767,0.25718459491551654,0.09107254104350382
13,1.2214321724061692,1694665766,official-featurewise,0.02,0.8429739973648591,2.4605531116047232,1.2302765558023616,0.970659519660573,0.04483576729334082
13,1.2214321724061692,1694665766,official-featurewise,0.05,2.107434993412148,2.4605531116047232,1.2302765558023616,0.970659519660573,0.00545036010490918
13,1.2214321724061692,1694665766,official-featurewise,0.2,8.429739973648593,2.4605531116047232,1.2302765558023616,0.970659519660573,5.463774176206471e-06
13,1.2214321724061692,1694665766,samplewise,0.02,0.0871401111485727,2.4605531116047232,1.2302765558023616,0.970659519660573,0.15976552134736632
13,1.2214321724061692,1694665766,samplewise,0.05,0.21785027787143174,2.4605531116047232,1.2302765558023616,0.970659519660573,0.1861271815147436
13,1.2214321724061692,1694665766,samplewise,0.2,0.871401111485727,2.4605531116047232,1.2302765558023616,0.970659519660573,0.04239073129582849
14,0.9581129759446989,29369110,official-featurewise,0.02,0.6633821038457006,2.0634769056886952,1.0317384528443476,0.7855218778866672,0.05677208706956449
14,0.9581129759446989,29369110,official-featurewise,0.05,1.6584552596142517,2.0634769056886952,1.0317384528443476,0.7855218778866672,0.007670566315848504
14,0.9581129759446989,29369110,official-featurewise,0.2,6.633821038457007,2.0634769056886952,1.0317384528443476,0.7855218778866672,1.3670762680106918e-05
14,0.9581129759446989,29369110,samplewise,0.02,0.06441420101490933,2.0634769056886952,1.0317384528443476,0.7855218778866672,0.1867847620679539
14,0.9581129759446989,29369110,samplewise,0.05,0.1610355025372733,2.0634769056886952,1.0317384528443476,0.7855218778866672,0.19278570375822568
14,0.9581129759446989,29369110,samplewise,0.2,0.6441420101490932,2.0634769056886952,1.0317384528443476,0.7855218778866672,0.05952971970320853
15,0.5136832714109767,1551328740,official-featurewise,0.02,0.44047671116911524,0.9303082011799545,0.46515410058997725,0.30099621909368074,0.09861422835994205
15,0.5136832714109767,1551328740,official-featurewise,0.05,1.1011917779227882,0.9303082011799545,0.46515410058997725,0.30099621909368074,0.015943935383241126
15,0.5136832714109767,1551328740,official-featurewise,0.2,4.404767111691153,0.9303082011799545,0.46515410058997725,0.30099621909368074,2.2866077113548045e-05
15,0.5136832714109767,1551328740,samplewise,0.02,0.04194882956161948,0.9303082011799545,0.46515410058997725,0.30099621909368074,0.1581169584169615
15,0.5136832714109767,1551328740,samplewise,0.05,0.1048720739040487,0.9303082011799545,0.46515410058997725,0.30099621909368074,0.20012992708278343
15,0.5136832714109767,1551328740,samplewise,0.2,0.4194882956161948,0.9303082011799545,0.46515410058997725,0.30099621909368074,0.1038159255720803
16,1.4779613725923846,1030795440,official-featurewise,0.02,1.0633712374645325,3.0774790322712984,1.5387395161356492,1.266299118512618,0.02501994807742669
16,1.4779613725923846,1030795440,official-featurewise,0.05,2.658428093661332,3.0774790322712984,1.5387395161356492,1.266299118512618,0.0023911218591834427
16,1.4779613725923846,1030795440,official-featurewise,0.2,10.633712374645327,3.0774790322712984,1.5387395161356492,1.266299118512618,2.4600202905844526e-06
16,1.4779613725923846,1030795440,samplewise,0.02,0.11213094417895329,3.0774790322712984,1.5387395161356492,1.266299118512618,0.1699189260394096
16,1.4779613725923846,1030795440,samplewise,0.05,0.2803273604473832,3.0774790322712984,1.5387395161356492,1.266299118512618,0.1585164393427103
16,1.4779613725923846,1030795440,samplewise,0.2,1.1213094417895328,3.0774790322712984,1.5387395161356492,1.266299118512618,0.022591582166672453
17,0.8946111571193611,977595590,official-featurewise,0.02,0.6308910822514276,1.8871921692301363,0.9435960846150682,0.7051791711194314,0.06321486846571034
17,0.8946111571193611,977595590,official-featurewise,0.05,1.577227705628569,1.8871921692301363,0.9435960846150682,0.7051791711194314,0.011944830590838507
17,0.8946111571193611,977595590,official-featurewise,0.2,6.308910822514276,1.8871921692301363,0.9435960846150682,0.7051791711194314,1.8433351701929723e-05
17,0.8946111571193611,977595590,samplewise,0.02,0.06459796212958935,1.8871921692301363,0.9435960846150682,0.7051791711194314,0.17867668950908033
17,0.8946111571193611,977595590,samplewise,0.05,0.16149490532397337,1.8871921692301363,0.9435960846150682,0.7051791711194314,0.20230382159525995
17,0.8946111571193611,977595590,samplewise,0.2,0.6459796212958935,1.8871921692301363,0.9435960846150682,0.7051791711194314,0.061186511725283665
18,1.0571482929347722,1561301084,official-featurewise,0.02,0.7145475507333283,2.1422746106422696,1.0711373053211348,0.8218382645595546,0.05403771640449051
18,1.0571482929347722,1561301084,official-featurewise,0.05,1.786368876833321,2.1422746106422696,1.0711373053211348,0.8218382645595546,0.0067641238896847256
18,1.0571482929347722,1561301084,official-featurewise,0.2,7.145475507333284,2.1422746106422696,1.0711373053211348,0.8218382645595546,1.0148441628388127e-05
18,1.0571482929347722,1561301084,samplewise,0.02,0.07201826783938045,2.1422746106422696,1.0711373053211348,0.8218382645595546,0.18463608837465006
18,1.0571482929347722,1561301084,samplewise,0.05,0.18004566959845114,2.1422746106422696,1.0711373053211348,0.8218382645595546,0.19424971721827333
18,1.0571482929347722,1561301084,samplewise,0.2,0.7201826783938046,2.1422746106422696,1.0711373053211348,0.8218382645595546,0.053306650134985034
19,0.9257335906560282,837140438,official-featurewise,0.02,0.5874311800708499,1.7923757562469025,0.8961878781234512,0.6625406002502578,0.05126145179078634
19,0.9257335906560282,837140438,official-featurewise,0.05,1.468577950177125,1.7923757562469025,0.8961878781234512,0.6625406002502578,0.007367691226416895
19,0.9257335906560282,837140438,official-featurewise,0.2,5.8743118007085,1.7923757562469025,0.8961878781234512,0.6625406002502578,1.141727550546534e-05
19,0.9257335906560282,837140438,samplewise,0.02,0.057880508687866414,1.7923757562469025,0.8961878781234512,0.6625406002502578,0.15019563672460734
19,0.9257335906560282,837140438,samplewise,0.05,0.14470127171966604,1.7923757562469025,0.8961878781234512,0.6625406002502578,0.1891537626934774
19,0.9257335906560282,837140438,samplewise,0.2,0.5788050868786642,1.7923757562469025,0.8961878781234512,0.6625406002502578,0.05255428553186192
20,0.8486543085564199,1451878592,official-featurewise,0.02,0.5456288188733166,1.754435831879798,0.877217915939899,0.6456025860356376,0.07974496075560822
20,0.8486543085564199,1451878592,official-featurewise,0.05,1.3640720471832917,1.754435831879798,0.877217915939899,0.6456025860356376,0.014306225389393745
20,0.8486543085564199,1451878592,official-featurewise,0.2,5.456288188733167,1.754435831879798,0.877217915939899,0.6456025860356376,2.0489742805551714e-05
20,0.8486543085564199,1451878592,samplewise,0.02,0.05665219037513233,1.754435831879798,0.877217915939899,0.6456025860356376,0.18705754301314492
20,0.8486543085564199,1451878592,samplewise,0.05,0.14163047593783082,1.754435831879798,0.877217915939899,0.6456025860356376,0.22928859754893338
20,0.8486543085564199,1451878592,samplewise,0.2,0.5665219037513233,1.754435831879798,0.877217915939899,0.6456025860356376,0.07566450386466705
21,0.9555409488908365,1123149192,official-featurewise,0.02,0.5542467387083996,1.6681155454554366,0.8340577727277183,0.6073460327230829,0.058062893208992605
21,0.9555409488908365,1123149192,official-featurewise,0.05,1.385616846770999,1.6681155454554366,0.8340577727277183,0.6073460327230829,0.009074037103900423
21,0.9555409488908365,1123149192,official-featurewise,0.2,5.542467387083996,1.6681155454554366,0.8340577727277183,0.6073460327230829,1.190246387139382e-05
21,0.9555409488908365,1123149192,samplewise,0.02,0.05720429747131105,1.6681155454554366,0.8340577727277183,0.6073460327230829,0.16571124516533153
21,0.9555409488908365,1123149192,samplewise,0.05,0.14301074367827762,1.6681155454554366,0.8340577727277183,0.6073460327230829,0.21172287827861425
21,0.9555409488908365,1123149192,samplewise,0.2,0.5720429747131105,1.6681155454554366,0.8340577727277183,0.6073460327230829,0.05514708776330224
22,0.6759541204553232,762845722,official-featurewise,0.02,0.4849879332702951,1.2524204256368652,0.6262102128184326,0.42952970956627556,0.09294864099393507
22,0.6759541204553232,762845722,official-featurewise,0.05,1.2124698331757378,1.2524204256368652,0.6262102128184326,0.42952970956627556,0.015068598135002276
22,0.6759541204553232,762845722,official-featurewise,0.2,4.849879332702951,1.2524204256368652,0.6262102128184326,0.42952970956627556,1.81203911573391e-05
22,0.6759541204553232,762845722,samplewise,0.02,0.04870273701423354,1.2524204256368652,0.6262102128184326,0.42952970956627556,0.16612012022256817
22,0.6759541204553232,762845722,samplewise,0.05,0.12175684253558386,1.2524204256368652,0.6262102128184326,0.42952970956627556,0.16752510047424884
22,0.6759541204553232,762845722,samplewise,0.2,0.48702737014233544,1.2524204256368652,0.6262102128184326,0.42952970956627556,0.09252434865334713
23,0.2756324310709516,1898982615,official-featurewise,0.02,0.34943061653251983,0.4273168073520858,0.2136584036760429,0.1227093422776568,0.0771993539355833
23,0.2756324310709516,1898982615,official-featurewise,0.05,0.8735765413312996,0.4273168073520858,0.2136584036760429,0.1227093422776568,0.012882348469805294
23,0.2756324310709516,1898982615,official-featurewise,0.2,3.4943061653251983,0.4273168073520858,0.2136584036760429,0.1227093422776568,2.3521369236334522e-05
23,0.2756324310709516,1898982615,samplewise,0.02,0.03511469394999431,0.4273168073520858,0.2136584036760429,0.1227093422776568,0.2156828611794568
23,0.2756324310709516,1898982615,samplewise,0.05,0.08778673487498577,0.4273168073520858,0.2136584036760429,0.1227093422776568,0.2101881465113804
23,0.2756324310709516,1898982615,samplewise,0.2,0.3511469394999431,0.4273168073520858,0.2136584036760429,0.1227093422776568,0.0767302775725085
24,1.4204719358378504,933757323,official-featurewise,0.02,0.9246329332677367,2.96853452821269,1.484267264106345,1.2135663747715775,0.029353661027585076
24,1.4204719358378504,933757323,official-featurewise,0.05,2.311582333169342,2.96853452821269,1.484267264106345,1.2135663747715775,0.0028757963565873013
24,1.4204719358378504,933757323,official-featurewise,0.2,9.246329332677368,2.96853452821269,1.484267264106345,1.2135663747715775,4.119621507925331e-06
24,1.4204719358378504,933757323,samplewise,0.02,0.09833855110434646,2.96853452821269,1.484267264106345,1.2135663747715775,0.1787742596899058
24,1.4204719358378504,933757323,samplewise,0.05,0.24584637776086615,2.96853452821269,1.484267264106345,1.2135663747715775,0.12432067025941507
24,1.4204719358378504,933757323,samplewise,0.2,0.9833855110434646,2.96853452821269,1.484267264106345,1.2135663747715775,0.02601288316036765
25,0.204804865648912,1967459721,official-featurewise,0.02,0.33877129955572055,0.36034537541621947,0.18017268770810974,0.10151777278235867,0.055925173022908226
25,0.204804865648912,1967459721,official-featurewise,0.05,0.8469282488893013,0.36034537541621947,0.18017268770810974,0.10151777278235867,0.010449569681092896
25,0.204804865648912,1967459721,official-featurewise,0.2,3.387712995557205,0.36034537541621947,0.18017268770810974,0.10151777278235867,1.4644170342137386e-05
25,0.204804865648912,1967459721,samplewise,0.02,0.031735562840347266,0.36034537541621947,0.18017268770810974,0.10151777278235867,0.18843987749016478
25,0.204804865648912,1967459721,samplewise,0.05,0.07933890710086816,0.36034537541621947,0.18017268770810974,0.10151777278235867,0.24657814285862933
25,0.204804865648912,1967459721,samplewise,0.2,0.31735562840347264,0.36034537541621947,0.18017268770810974,0.10151777278235867,0.06362127605697943
26,0.7735111069350324,173246564,official-featurewise,0.02,0.5499965396782956,1.525168519700327,0.7625842598501635,0.5449207862310883,0.08247747649163806
26,0.7735111069350324,173246564,official-featurewise,0.05,1.374991349195739,1.525168519700327,0.7625842598501635,0.5449207862310883,0.011631299777445037
26,0.7735111069350324,173246564,official-featurewise,0.2,5.499965396782956,1.525168519700327,0.7625842598501635,0.5449207862310883,1.8989702279981202e-05
26,0.7735111069350324,173246564,samplewise,0.02,0.05496866103949288,1.525168519700327,0.7625842598501635,0.5449207862310883,0.19912277797254774
26,0.7735111069350324,173246564,samplewise,0.05,0.1374216525987322,1.525168519700327,0.7625842598501635,0.5449207862310883,0.2602005165817509
26,0.7735111069350324,173246564,samplewise,0.2,0.5496866103949288,1.525168519700327,0.7625842598501635,0.5449207862310883,0.08254974678587246
27,0.008008357245921763,27607321,official-featurewise,0.02,0.3349634554166178,0.011498861205440941,0.005749430602720471,0.002887087509965731,0.048991417467437515
27,0.008008357245921763,27607321,official-featurewise,0.05,0.8374086385415446,0.011498861205440941,0.005749430602720471,0.002887087509965731,0.002427149032406817
27,0.008008357245921763,27607321,official-featurewise,0.2,3.3496345541661783,0.011498861205440941,0.005749430602720471,0.002887087509965731,1.4429860151210505e-06
27,0.008008357245921763,27607321,samplewise,0.02,0.03315769882075571,0.011498861205440941,0.005749430602720471,0.002887087509965731,0.14245335582571794
27,0.008008357245921763,27607321,samplewise,0.05,0.08289424705188929,0.011498861205440941,0.005749430602720471,0.002887087509965731,0.2741397053979888
27,0.008008357245921763,27607321,samplewise,0.2,0.33157698820755716,0.011498861205440941,0.005749430602720471,0.002887087509965731,0.05022025701342692
28,1.0136147831060294,970158997,official-featurewise,0.02,0.6853666841583078,1.9513868210416907,0.9756934105208454,0.7342830636844165,0.055594648675894476
28,1.0136147831060294,970158997,official-featurewise,0.05,1.7134167103957694,1.9513868210416907,0.9756934105208454,0.7342830636844165,0.006535645957921332
28,1.0136147831060294,970158997,official-featurewise,0.2,6.8536668415830775,1.9513868210416907,0.9756934105208454,0.7342830636844165,1.0852096067992534e-05
28,1.0136147831060294,970158997,samplewise,0.02,0.07031512570387098,1.9513868210416907,0.9756934105208454,0.7342830636844165,0.16332662430831846
28,1.0136147831060294,970158997,samplewise,0.05,0.1757878142596775,1.9513868210416907,0.9756934105208454,0.7342830636844165,0.19513104968363137
28,1.0136147831060294,970158997,samplewise,0.2,0.70315125703871,1.9513868210416907,0.9756934105208454,0.7342830636844165,0.052940450207646705
29,1.4172634928639953,665785044,official-featurewise,0.02,1.042861878321268,3.0683086992181536,1.5341543496090768,1.2618532916932834,0.028407412248498076
29,1.4172634928639953,665785044,official-featurewise,0.05,2.60715469580317,3.0683086992181536,1.5341543496090768,1.2618532916932834,0.0028792224252427445
29,1.4172634928639953,665785044,official-featurewise,0.2,10.42861878321268,3.0683086992181536,1.5341543496090768,1.2618532916932834,3.3755624855302813e-06
29,1.4172634928639953,665785044,samplewise,0.02,0.10841849568605268,3.0683086992181536,1.5341543496090768,1.2618532916932834,0.19588499332167864
29,1.4172634928639953,665785044,samplewise,0.05,0.2710462392151317,3.0683086992181536,1.5341543496090768,1.2618532916932834,0.15426311263055226
29,1.4172634928639953,665785044,samplewise,0.2,1.0841849568605268,3.0683086992181536,1.5341543496090768,1.2618532916932834,0.026449003512936997
