construction,p,q,spectral_radius,condition_state_cov,status,error,gc,gaussian_te,gaussian_cmi,direct_cs,spectral_gc,spectral_cs,max_rho2,rank,abs_gc_spectral_error,abs_cs_spectral_error,abs_te_cmi_error
0,1,5,0.8433657983994858,25.47289524199477,ok,,1.3973685242446172,0.6986842621223086,0.6986842621223086,0.49019737904760063,1.3973685242446165,0.49019737904760075,0.7527532675763788,1,6.661338147750939e-16,1.1102230246251565e-16,0.0
1,1,4,0.19046041985887396,6.732571533462387,ok,,0.008417180353366804,0.004208590176683402,0.004208590176683402,0.0021109278522692954,0.008417180353366863,0.002110927852268924,0.00838185507338255,1,5.898059818321144e-17,3.712308238590367e-16,0.0
2,3,5,0.7941883550158461,11.99541272368014,ok,,1.546730411756662,0.773365205878331,0.773365205878331,0.46793188990835777,1.5467304117566618,0.46793188990835594,0.5445557017262566,3,2.220446049250313e-16,1.8318679906315083e-15,0.0
3,4,3,0.6333899091267391,11.676652729949497,ok,,0.48700834960519157,0.24350417480259579,0.24350417480259579,0.13234971096903347,0.48700834960519124,0.13234971096903153,0.22904695919206,3,3.3306690738754696e-16,1.942890293094024e-15,0.0
4,3,1,0.5024617047494905,15.255853376056574,ok,,0.4367085725082598,0.2183542862541299,0.2183542862541299,0.1257344053348839,0.4367085725082596,0.12573440533488373,0.3538402873215473,1,1.6653345369377348e-16,1.6653345369377348e-16,0.0
5,3,4,0.647055971781108,12.489205751219652,ok,,1.2370216049603948,0.6185108024801974,0.6185108024801974,0.3813167662751402,1.2370216049603957,0.3813167662751399,0.6004706375046911,3,8.881784197001252e-16,3.3306690738754696e-16,0.0
6,3,1,0.18517412806788924,6.331075298393211,ok,,0.008107877301473332,0.004053938650736666,0.004053938650736666,0.0020331239001367685,0.008107877301473368,0.0020331239001357593,0.008075097116703272,1,3.642919299551295e-17,1.0091753821495075e-15,0.0
7,3,5,0.5063793836391735,8.840925101853458,ok,,0.6116249357969963,0.30581246789849814,0.30581246789849814,0.16856138186855585,0.6116249357969961,0.16856138186855515,0.3007967253583483,3,2.220446049250313e-16,6.938893903907228e-16,0.0
8,1,3,0.8456759930757487,29.942370387158615,ok,,0.7302311683638522,0.3651155841819261,0.3651155841819261,0.2263699354505615,0.7302311683638517,0.22636993545056128,0.5182023991472322,1,4.440892098500626e-16,2.220446049250313e-16,0.0
9,3,3,0.7624581593747606,6.514558938937102,ok,,0.5121810912680165,0.25609054563400824,0.25609054563400824,0.14409518027645962,0.5121810912680169,0.14409518027645968,0.3442612792193046,3,4.440892098500626e-16,5.551115123125783e-17,0.0
10,4,2,0.7519142155746553,13.450007673557622,ok,,0.6820101179582918,0.3410050589791459,0.3410050589791459,0.20250478114690207,0.6820101179582927,0.20250478114690187,0.45822462488784976,2,8.881784197001252e-16,1.942890293094024e-16,0.0
11,2,5,0.5588693066841812,10.856185655226087,ok,,0.20458251590021098,0.10229125795010549,0.10229125795010549,0.05393658923154199,0.20458251590021057,0.05393658923154235,0.1579763973102037,2,4.163336342344337e-16,3.608224830031759e-16,0.0
12,4,3,0.3470724199957037,13.650137452137049,ok,,0.11360217886420676,0.05680108943210338,0.05680108943210338,0.02933670191466131,0.11360217886420668,0.02933670191466198,0.09508489958006068,3,8.326672684688674e-17,6.696032617270475e-16,0.0
13,2,4,0.2372276393995131,13.701488019380516,ok,,0.07663284924599145,0.038316424622995726,0.038316424622995726,0.019629384850148313,0.07663284924599176,0.01962938485014836,0.06863268247955154,2,3.0531133177191805e-16,4.85722573273506e-17,0.0
14,5,1,0.08577596531192276,10.359049306732585,ok,,0.0009079845413401677,0.00045399227067008385,0.00045399227067008385,0.0002270734145062292,0.0009079845413401276,0.0002270734145060687,0.0009075724481106687,1,4.0115480381963664e-17,1.604890265821668e-16,0.0
15,5,3,0.7660941139837166,9.266854277908775,ok,,1.5615558622593768,0.7807779311296884,0.7807779311296884,0.4748547380636321,1.5615558622593764,0.47485473806363226,0.5356579752266318,3,4.440892098500626e-16,1.6653345369377348e-16,0.0
16,3,2,0.8271138849879841,17.489131003300756,ok,,0.38057042377058736,0.19028521188529368,0.19028521188529368,0.1077324074810142,0.3805704237705877,0.10773240748101501,0.3153120753045173,2,3.3306690738754696e-16,8.049116928532385e-16,0.0
17,4,3,0.1612409241939909,10.409359213431623,ok,,0.05353841231206552,0.02676920615603276,0.02676920615603276,0.013537553678546033,0.05353841231206559,0.013537553678546015,0.03843690471786413,3,6.938893903907228e-17,1.734723475976807e-17,0.0
18,4,1,0.10459352700289747,19.031042858638894,ok,,0.0012533215445999502,0.0006266607722999751,0.0006266607722999751,0.00031347761928168794,0.0012533215445999378,0.00031347761928240286,0.0012525364651727652,1,1.235990476633475e-17,7.149229125369416e-16,0.0
19,1,2,0.25776365922803335,16.279713927007744,ok,,0.00458025383427757,0.002290126917138785,0.002290126917138785,0.001147028712254805,0.0045802538342775275,0.0011470287122545577,0.004569780468011064,1,4.2500725161431774e-17,2.474149357611921e-16,0.0
20,2,3,0.17938692693738914,20.42614131214545,ok,,0.052093564882175536,0.026046782441087768,0.026046782441087768,0.013252737318064423,0.05209356488217541,0.013252737318065165,0.048393899952327096,2,1.249000902703301e-16,7.424616477180734e-16,0.0
21,5,4,0.17637601951181542,15.83268226478498,ok,,0.04036020010966235,0.020180100054831174,0.020180100054831174,0.010182966562488183,0.04036020010966244,0.010182966562487938,0.03021248653062111,4,9.020562075079397e-17,2.445960101127298e-16,0.0
22,1,1,0.7504350590141472,5.625652941420511,ok,,0.1932807028505184,0.0966403514252592,0.0966403514252592,0.05170850954492079,0.19328070285051832,0.05170850954492049,0.17574942782211914,1,8.326672684688674e-17,2.983724378680108e-16,0.0
23,5,3,0.12579257570154112,14.291172810760374,ok,,0.022152419476652196,0.011076209738326098,0.011076209738326098,0.005558175000196286,0.022152419476652373,0.005558175000195356,0.010476061608423187,3,1.7694179454963432e-16,9.298117831235686e-16,0.0
24,4,2,0.5453738518262773,10.486418447341377,ok,,0.9657971761709229,0.48289858808546143,0.48289858808546143,0.29342089202742905,0.9657971761709229,0.2934208920274289,0.5378440016363651,2,0.0,1.6653345369377348e-16,0.0
25,1,5,0.7737686512552306,12.971208150994848,ok,,0.22513537483912804,0.11256768741956402,0.11256768741956402,0.06085539133446449,0.22513537483912763,0.06085539133446462,0.2015918729286658,1,4.163336342344337e-16,1.249000902703301e-16,0.0
26,3,4,0.5256160618216801,9.447030716797354,ok,,1.9509006173429282,0.9754503086714641,0.9754503086714641,0.6347457592454058,1.9509006173429282,0.6347457592454059,0.6590771742305541,3,0.0,1.1102230246251565e-16,0.0
27,1,4,0.139549616169377,7.417515309638928,ok,,0.009690431033061664,0.004845215516530832,0.004845215516530832,0.0024313970739089363,0.009690431033061594,0.0024313970739093813,0.009643630101989235,1,6.938893903907228e-17,4.44956571588051e-16,0.0
28,1,1,0.6913789275714283,8.600976977963409,ok,,0.0007741584741094432,0.0003870792370547216,0.0003870792370547216,0.00019359579765332313,0.0007741584741095385,0.00019359579765341719,0.0007738588907513396,1,9.530137096147584e-17,9.405453846311751e-17,0.0
29,3,2,0.4943367717174992,10.784517570876616,ok,,0.6116333001552824,0.3058166500776412,0.3058166500776412,0.18379992524047228,0.6116333001552818,0.18379992524047192,0.45444682550209536,2,5.551115123125783e-16,3.608224830031759e-16,0.0
30,1,2,0.7357738456123248,6.316421965350246,ok,,0.1654696182997225,0.08273480914986125,0.08273480914986125,0.043862894064032876,0.16546961829972198,0.04386289406403319,0.1525043888285673,1,5.273559366969494e-16,3.122502256758253e-16,0.0
31,1,3,0.4075914187526341,10.09486344412112,ok,,0.023395207075556534,0.011697603537778267,0.011697603537778267,0.0058999141277280565,0.023395207075556736,0.005899914127727829,0.02312366096639367,1,2.0122792321330962e-16,2.2724877535296173e-16,0.0
32,2,2,0.2988890885657724,6.975094949666152,ok,,0.08947907218464557,0.044739536092322785,0.044739536092322785,0.02287280714208828,0.0894790721846456,0.022872807142088367,0.06893597807592733,2,2.7755575615628914e-17,8.673617379884035e-17,0.0
33,2,5,0.05163368353769026,21.500146035023146,ok,,0.004614425042232195,0.0023072125211160976,0.0023072125211160976,0.0011549985448526812,0.004614425042232456,0.0011549985448533928,0.003751627464110824,2,2.6107588313450947e-16,7.116703060194851e-16,0.0
34,3,5,0.44253908265975517,12.857801474442775,ok,,0.5071565165759163,0.25357825828795816,0.25357825828795816,0.1385472069935405,0.5071565165759158,0.1385472069935412,0.29186111204322784,3,5.551115123125783e-16,6.938893903907228e-16,0.0
35,2,3,0.1858958599715927,6.374543230540686,ok,,0.03557153889434517,0.017785769447172584,0.017785769447172584,0.008980364711948408,0.035571538894344765,0.008980364711948765,0.02968629701738405,2,4.0245584642661925e-16,3.5735303605122226e-16,0.0
36,3,5,0.07169771630884818,19.95203384917786,ok,,0.0031312103452205697,0.0015656051726102849,0.0015656051726102849,0.0007832479241658419,0.0031312103452206526,0.0007832479241664922,0.0019989500224470705,3,8.283304597789254e-17,6.503044630568056e-16,0.0
37,3,3,0.3949090493883645,13.418933744045997,ok,,0.13198387807933076,0.06599193903966538,0.06599193903966538,0.03410683538445625,0.13198387807933068,0.03410683538445615,0.10157409563507952,3,8.326672684688674e-17,9.71445146547012e-17,0.0
38,3,1,0.6372035466602506,11.093907367652587,ok,,0.10835566940350272,0.05417783470175136,0.05417783470175136,0.028169633201253763,0.10835566940350265,0.0281696332012539,0.10269160547281485,1,6.938893903907228e-17,1.3530843112619095e-16,0.0
39,5,4,0.3630498722818086,12.598292416175832,ok,,0.29747216947010663,0.14873608473505331,0.14873608473505331,0.07921725873097252,0.297472169470106,0.07921725873097195,0.20079389185778165,4,6.106226635438361e-16,5.689893001203927e-16,0.0
40,1,2,0.6516910910483538,9.581180440814764,ok,,0.2636940209547808,0.1318470104773904,0.1318470104773904,0.07215235470462256,0.2636940209547807,0.07215235470462211,0.23179144057914805,1,1.1102230246251565e-16,4.440892098500626e-16,0.0
41,4,1,0.11980433313769909,9.895267408581013,ok,,0.011135627286470662,0.005567813643235331,0.005567813643235331,0.002795510436895743,0.01113562728647065,0.002795510436895896,0.011073855690045112,1,1.214306433183765e-17,1.5308934675495323e-16,0.0
42,2,3,0.729107428480208,16.268409021401606,ok,,1.5286567693110817,0.7643283846555409,0.7643283846555409,0.5458847166238363,1.528656769311083,0.545884716623837,0.7825241813135438,2,1.3322676295501878e-15,6.661338147750939e-16,0.0
43,2,1,0.22699523241798297,15.487341764948216,ok,,0.12295444063600762,0.06147722031800381,0.06147722031800381,0.032126663508792674,0.12295444063600772,0.03212666350879282,0.115696050031384,1,9.71445146547012e-17,1.457167719820518e-16,0.0
44,2,4,0.5163695734867219,9.621372898086898,ok,,0.29046824028986873,0.14523412014493436,0.14523412014493436,0.07827216735698528,0.2904682402898685,0.07827216735698607,0.21881246005725843,2,2.220446049250313e-16,7.91033905045424e-16,0.0
45,5,5,0.606132824886436,9.511957007276436,ok,,0.7549442588749533,0.37747212943747666,0.37747212943747666,0.2080046841848091,0.7549442588749538,0.208004684184807,0.35452263544866786,5,4.440892098500626e-16,2.1094237467877974e-15,0.0
46,2,1,0.7561495005290354,9.495165954852393,ok,,2.189800907141567,1.0949004535707836,1.0949004535707836,0.843852107527876,2.189800907141567,0.8438521075278755,0.888060967339059,1,0.0,4.440892098500626e-16,0.0
47,5,4,0.43300632024321695,12.117600607940846,ok,,0.21453010716400622,0.10726505358200311,0.10726505358200311,0.05558961986729649,0.2145301071640065,0.05558961986729497,0.12816714546736938,4,2.7755575615628914e-16,1.519617764955683e-15,0.0
48,5,3,0.6403307640985794,7.021152805434798,ok,,2.033389030012245,1.0166945150061224,1.0166945150061224,0.7039028423059381,2.033389030012248,0.7039028423059371,0.8103457797572817,3,3.1086244689504383e-15,9.992007221626409e-16,0.0
49,2,5,0.19733253719315233,18.1183973342102,ok,,0.15668506123133596,0.07834253061566798,0.07834253061566798,0.0408045530044312,0.1566850612313364,0.040804553004430845,0.1227006089864933,2,4.440892098500626e-16,3.5388358909926865e-16,0.0
50,2,5,0.21645794155989964,11.8448723549348,ok,,0.07034828184886921,0.035174140924434605,0.035174140924434605,0.01784859422724505,0.0703482818488696,0.01784859422724449,0.046988310588540645,2,3.885780586188048e-16,5.620504062164855e-16,0.0
51,5,2,0.11636809144297436,8.668260216800624,ok,,0.02248549132454103,0.011242745662270515,0.011242745662270515,0.005650237447791362,0.022485491324541248,0.005650237447791216,0.016392689806503626,2,2.185751579730777e-16,1.457167719820518e-16,0.0
52,4,3,0.7308332204725002,12.666838163626588,ok,,1.913437635573944,0.956718817786972,0.956718817786972,0.6169107629755821,1.913437635573943,0.6169107629755828,0.7170337228063073,3,8.881784197001252e-16,6.661338147750939e-16,0.0
53,1,4,0.411845808491415,25.176112169072688,ok,,0.1588855031292633,0.07944275156463165,0.07944275156463165,0.04202486014457252,0.15888550312926294,0.04202486014457177,0.1469059700256109,1,3.608224830031759e-16,7.494005416219807e-16,0.0
54,2,4,0.23527623149297064,5.922310370033495,ok,,0.20162006757242934,0.10081003378621467,0.10081003378621467,0.05343320458909062,0.20162006757242926,0.05343320458909062,0.1658748148308149,2,8.326672684688674e-17,0.0,0.0
55,1,5,0.30542655213129283,11.207840192724651,ok,,0.12023352754220551,0.060116763771102755,0.060116763771102755,0.03138630355110816,0.1202335275422057,0.03138630355110884,0.11328665945029039,1,1.942890293094024e-16,6.800116025829084e-16,0.0
56,4,3,0.5994547663308212,7.967475696330063,ok,,0.6552203189763517,0.32761015948817584,0.32761015948817584,0.183815778984445,0.6552203189763518,0.18381577898444443,0.3365933457777727,3,1.1102230246251565e-16,5.828670879282072e-16,0.0
57,1,3,0.6266175113034133,5.907545123058445,ok,,1.0841285982852318,0.5420642991426159,0.5420642991426159,0.3612005879009401,1.0841285982852318,0.36120058790094,0.6618036375810312,1,0.0,1.1102230246251565e-16,0.0
58,1,1,0.7077818876787232,1.6827913161989274,ok,,0.20765124679489638,0.10382562339744819,0.10382562339744819,0.055813871989868646,0.20765124679489635,0.05581387198986851,0.18750965408117454,1,2.7755575615628914e-17,1.3877787807814457e-16,0.0
59,1,5,0.40262674852636204,7.825699650904468,ok,,0.07456639061487103,0.03728319530743551,0.03728319530743551,0.01915635531415294,0.07456639061487146,0.01915635531415218,0.07185414816035654,1,4.3021142204224816e-16,7.598088824778415e-16,0.0
60,3,2,0.6182289697637168,10.241896239733897,ok,,0.6094027955635217,0.30470139778176086,0.30470139778176086,0.17207518755794515,0.6094027955635215,0.17207518755794557,0.3605319400728796,2,2.220446049250313e-16,4.163336342344337e-16,0.0
61,1,4,0.6668601840219703,4.846772356538187,ok,,1.2326280781198728,0.6163140390599364,0.6163140390599364,0.4213707882943467,1.2326280781198735,0.42137078829434604,0.708474581528428,1,6.661338147750939e-16,6.661338147750939e-16,0.0
62,2,2,0.2451968340623445,8.932495322801913,ok,,0.015626644740363904,0.007813322370181952,0.007813322370181952,0.003925454156430419,0.015626644740363797,0.003925454156430915,0.013992627755027454,2,1.0755285551056204e-16,4.961309141293668e-16,0.0
63,1,3,0.3570461492079733,10.030573750847708,ok,,0.11760691988319816,0.05880345994159908,0.05880345994159908,0.03067284074339982,0.11760691988319798,0.03067284074340011,0.11095454997113002,1,1.8041124150158794e-16,2.8796409701215e-16,0.0
64,1,1,0.2754845051417719,7.051622604922939,ok,,0.02608342102376149,0.013041710511880744,0.013041710511880744,0.006584359868685441,0.02608342102376147,0.006584359868685572,0.025746187031775145,1,1.734723475976807e-17,1.3097162243624894e-16,0.0
65,3,1,0.5549541418042024,5.562826250943208,ok,,0.13185065211013602,0.06592532605506801,0.06592532605506801,0.034556396788532506,0.13185065211013605,0.03455639678853278,0.12352811546842188,1,2.7755575615628914e-17,2.706168622523819e-16,0.0
66,3,4,0.5846829336793383,14.321690465357646,ok,,0.30609877730583185,0.15304938865291592,0.15304938865291592,0.08130460263027217,0.30609877730583174,0.081304602630273,0.18704692668475748,3,1.1102230246251565e-16,8.326672684688674e-16,0.0
67,2,2,0.43529621213706304,5.1358189855482115,ok,,0.018833266121033893,0.009416633060516946,0.009416633060516946,0.004735683957890036,0.01883326612103379,0.004735683957889629,0.01686864968829801,2,1.0408340855860843e-16,4.0679265511656126e-16,0.0
68,4,4,0.09777320318382073,13.545493839319427,ok,,0.011882159749626475,0.005941079874813238,0.005941079874813238,0.0029795389036815223,0.011882159749626291,0.002979538903681874,0.009537780044033262,4,1.8388068845354155e-16,3.5171518475429764e-16,0.0
69,5,5,0.21028719515132674,15.176925130527012,ok,,0.12119325194658614,0.06059662597329307,0.06059662597329307,0.031134459713071827,0.12119325194658581,0.031134459713071327,0.08904160272227606,5,3.3306690738754696e-16,4.996003610813204e-16,0.0
70,4,1,0.6365452786524416,4.037169361587985,ok,,0.5142563122908383,0.2571281561454192,0.2571281561454192,0.1511966757787877,0.5142563122908385,0.15119667577878582,0.4020548862621129,1,1.1102230246251565e-16,1.887379141862766e-15,0.0
71,1,1,0.5353001672618534,6.733366611872629,ok,,0.5485723444740539,0.27428617223702695,0.27428617223702695,0.1627326539684837,0.5485723444740539,0.16273265396848363,0.4222259157849856,1,0.0,5.551115123125783e-17,0.0
72,2,1,0.1855218006197204,5.627625814772522,ok,,0.38690090703565716,0.19345045351782858,0.19345045351782858,0.10984012043713953,0.3869009070356572,0.10984012043713916,0.32084160858945915,1,5.551115123125783e-17,3.7470027081099033e-16,0.0
73,1,2,0.11325028427820624,4.2932608738104046,ok,,0.0029517276177055685,0.0014758638088527842,0.0014758638088527842,0.0007387483177603293,0.0029517276177058686,0.0007387483177598909,0.0029473755528310764,1,3.0010716134398763e-16,4.38451358553138e-16,0.0
74,2,1,0.33128491609680366,7.436074878161192,ok,,0.5179889513127496,0.2589944756563748,0.2589944756563748,0.1524436298251448,0.5179889513127497,0.15244362982514478,0.40428263924123065,1,1.1102230246251565e-16,2.7755575615628914e-17,0.0
75,4,4,0.6877109395945842,12.980178041846045,ok,,0.5496730703516833,0.27483653517584167,0.27483653517584167,0.14914618313942185,0.5496730703516833,0.14914618313942157,0.2688607726236807,4,0.0,2.7755575615628914e-16,0.0
76,3,1,0.30124173752122,3.515643507402691,ok,,0.0040842148761109365,0.0020421074380554682,0.0020421074380554682,0.0010226164803026627,0.004084214876110956,0.0010226164803025645,0.00407588581361908,1,1.9949319973733282e-17,9.82287168271867e-17,0.0
77,4,1,0.34520440032715627,8.043933456104954,ok,,0.06530311568161584,0.03265155784080792,0.03265155784080792,0.016721207570959074,0.06530311568161581,0.016721207570959167,0.06321653342136214,1,2.7755575615628914e-17,9.367506770274758e-17,0.0
78,3,2,0.48017117001584086,20.00051098001387,ok,,0.42564527499744115,0.21282263749872057,0.21282263749872057,0.1197689490285967,0.42564527499744104,0.11976894902859679,0.32203529531366115,2,1.1102230246251565e-16,9.71445146547012e-17,0.0
79,5,5,0.25364159101239403,14.169973893537492,ok,,0.20556863317621188,0.10278431658810594,0.10278431658810594,0.05363077650621051,0.20556863317621202,0.053630776506210585,0.14030275264347924,5,1.3877787807814457e-16,7.632783294297951e-17,0.0
80,4,2,0.2896953345276862,10.029327787099852,ok,,0.1377730610085595,0.06888653050427974,0.06888653050427974,0.03541651752250008,0.13777306100855935,0.035416517522499656,0.08757213727978273,2,1.3877787807814457e-16,4.2327252813834093e-16,0.0
81,3,2,0.8159282470185028,8.021211178638815,ok,,1.6932722559481193,0.8466361279740596,0.8466361279740596,0.5399416964199841,1.6932722559481195,0.5399416964199841,0.6176372971781441,2,2.220446049250313e-16,0.0,0.0
82,1,5,0.7166402755030579,3.5670164166153975,ok,,1.335124589370893,0.6675622946854465,0.6675622946854465,0.46395337850669804,1.335124589370893,0.46395337850669816,0.7368746092131436,1,0.0,1.1102230246251565e-16,0.0
83,3,1,0.36981209557471934,6.225184248047054,ok,,0.028129250170174203,0.014064625085087101,0.014064625085087101,0.007106144305919937,0.028129250170174303,0.007106144305919302,0.027737306438818898,1,1.0061396160665481e-16,6.349087922075114e-16,0.0
84,4,5,0.7840535327657439,12.216571947093032,ok,,1.1497615247250614,0.5748807623625307,0.5748807623625307,0.3393243866419233,1.1497615247250612,0.33932438664192294,0.5116515900893284,4,2.220446049250313e-16,3.885780586188048e-16,0.0
85,4,5,0.763889780744276,10.25325129082945,ok,,2.965519892791283,1.4827599463956416,1.4827599463956416,1.0160317604587945,2.9655198927912823,1.016031760458794,0.8329006228427496,4,8.881784197001252e-16,4.440892098500626e-16,0.0
86,5,5,0.7584011390267247,9.004055759571992,ok,,1.3669992102194273,0.6834996051097136,0.6834996051097136,0.4067192691985877,1.366999210219427,0.4067192691985884,0.5287024663225734,5,2.220446049250313e-16,7.216449660063518e-16,0.0
87,4,2,0.838882476191831,25.903873205885613,ok,,0.755636385060068,0.377818192530034,0.377818192530034,0.22518599803895967,0.755636385060068,0.22518599803895964,0.4779644909473593,2,0.0,2.7755575615628914e-17,0.0
88,3,1,0.47449030749481985,6.762605653489901,ok,,0.17197736063184388,0.08598868031592194,0.08598868031592194,0.045686924214013214,0.171977360631844,0.045686924214013075,0.158001764739243,1,1.1102230246251565e-16,1.3877787807814457e-16,0.0
89,4,1,0.7054295824410798,27.350924962280843,ok,,1.5856854987967361,0.7928427493983681,0.7928427493983681,0.5712003675757038,1.5856854987967357,0.5712003675757042,0.7951926502064137,1,4.440892098500626e-16,4.440892098500626e-16,0.0
90,4,2,0.562125573599138,9.770716321163981,ok,,0.36598892260395,0.182994461301975,0.182994461301975,0.10177583728060302,0.36598892260394994,0.1017758372806018,0.28824277509186463,2,5.551115123125783e-17,1.2212453270876722e-15,0.0
91,4,1,0.784496335236895,6.513501640498985,ok,,0.0832765665056604,0.0416382832528302,0.0416382832528302,0.021460229742244596,0.08327656650566038,0.021460229742244232,0.07990335588550296,1,1.3877787807814457e-17,3.642919299551295e-16,0.0
92,5,3,0.8419264893559862,16.810588278288645,ok,,1.9477910035731278,0.9738955017865639,0.9738955017865639,0.638106435266705,1.9477910035731272,0.6381064352667037,0.7016304296996574,3,6.661338147750939e-16,1.2212453270876722e-15,0.0
93,4,5,0.09782732128878364,17.316234126947247,ok,,0.010627020394436665,0.005313510197218332,0.005313510197218332,0.0026607610202313836,0.010627020394436257,0.0026607610202306047,0.004833598452296717,4,4.0766001685454967e-16,7.788908407135864e-16,0.0
94,3,5,0.7272830235835497,14.635716242953235,ok,,0.7376981121900428,0.3688490560950214,0.3688490560950214,0.20641581346342175,0.737698112190043,0.2064158134634207,0.363270514877228,3,2.220446049250313e-16,1.0547118733938987e-15,0.0
95,4,2,0.8221536051678016,25.03614320241145,ok,,0.985285085031538,0.492642542515769,0.492642542515769,0.31639911559901446,0.9852850850315374,0.31639911559901335,0.6098850044447924,2,5.551115123125783e-16,1.1102230246251565e-15,0.0
96,2,5,0.18621529612449908,10.758646712746616,ok,,0.027496580217894695,0.013748290108947347,0.013748290108947347,0.006924834280154002,0.027496580217894584,0.006924834280153525,0.022563293021104897,2,1.1102230246251565e-16,4.77048955893622e-16,0.0
97,5,1,0.08569104063095836,11.226539478934322,ok,,0.005352796001514476,0.002676398000757238,0.002676398000757238,0.0013408827680132518,0.005352796001514437,0.0013408827680126908,0.005338495316591742,1,3.903127820947816e-17,5.60966204044e-16,0.0
98,3,4,0.18542715628734596,12.863742156855336,ok,,0.06756209507139321,0.03378104753569661,0.03378104753569661,0.017198685913260903,0.06756209507139309,0.01719868591326049,0.05541227926659293,3,1.249000902703301e-16,4.128641872824801e-16,0.0
99,3,2,0.3427434778796321,10.834311833657932,ok,,0.057671635988411074,0.028835817994205537,0.028835817994205537,0.014702782450161767,0.057671635988411074,0.014702782450162053,0.05382789885078631,2,0.0,2.8622937353617317e-16,0.0
100,4,5,0.21441610649506837,16.283794540122155,ok,,0.07878377796127661,0.03939188898063831,0.03939188898063831,0.01990111423399643,0.07878377796127616,0.019901114233997163,0.033397745921099294,4,4.579669976578771e-16,7.320533068622126e-16,0.0
101,4,5,0.5987215894992971,9.764581606397952,ok,,1.3728433117718928,0.6864216558859464,0.6864216558859464,0.42813098751650713,1.3728433117718926,0.42813098751650797,0.6213551689640759,4,2.220446049250313e-16,8.326672684688674e-16,0.0
102,5,2,0.06188261576640704,14.59643519860485,ok,,0.004195537182481335,0.0020977685912406674,0.0020977685912406674,0.0010503508648538329,0.0041955371824813695,0.0010503508648535493,0.00394098300846915,2,3.469446951953614e-17,2.8362728832220796e-16,0.0
103,1,4,0.2446252122676949,6.412096088480361,ok,,0.232800088023835,0.1164000440119175,0.1164000440119175,0.06308152928642485,0.23280008802383523,0.06308152928642503,0.20768804965919305,1,2.220446049250313e-16,1.8041124150158794e-16,0.0
104,2,2,0.3663358820610285,13.745906146045865,ok,,0.08257547754363725,0.04128773877181863,0.04128773877181863,0.02127059807707843,0.08257547754363734,0.02127059807707828,0.07903352917479929,2,8.326672684688674e-17,1.491862189340054e-16,0.0
105,4,3,0.30448010534649633,14.530652494574277,ok,,0.15088775962937562,0.07544387981468781,0.07544387981468781,0.03857282077687607,0.15088775962937578,0.038572820776876585,0.07754151402877611,3,1.6653345369377348e-16,5.134781488891349e-16,0.0
106,1,4,0.6469385254732009,6.957329395401286,ok,,0.16486107340633338,0.08243053670316669,0.08243053670316669,0.04369269883310256,0.16486107340633382,0.04369269883310244,0.15198849274517737,1,4.440892098500626e-16,1.1796119636642288e-16,0.0
107,5,5,0.4875268349417898,11.32535809112191,ok,,0.819395545324747,0.4096977726623735,0.4096977726623735,0.22860547109154883,0.8193955453247466,0.22860547109154863,0.3573917199694156,5,4.440892098500626e-16,1.942890293094024e-16,0.0
108,2,1,0.7974872663445097,5.0224154028413475,ok,,0.4309587556654993,0.21547937783274965,0.21547937783274965,0.1238808726734355,0.43095875566549935,0.12388087267343517,0.35011428567421277,1,5.551115123125783e-17,3.3306690738754696e-16,0.0
109,4,3,0.05140976872758685,12.664001809056844,ok,,0.004040313053215061,0.0020201565266075305,0.0020201565266075305,0.0010110788103512292,0.00404031305321523,0.0010110788103510225,0.003184726817925075,3,1.691355389077387e-16,2.0664893407573715e-16,0.0
110,3,2,0.12072460997625376,13.306377240181618,ok,,0.004035792891373902,0.002017896445686951,0.002017896445686951,0.001010069422991755,0.004035792891374132,0.0010100694229918973,0.0033945568295814404,2,2.3071822230491534e-16,1.4224732503009818e-16,0.0
111,5,1,0.4256554984048528,8.623102671559447,ok,,0.1424020272883611,0.07120101364418055,0.07120101364418055,0.037456135686902314,0.14240202728836127,0.037456135686901995,0.13272748082949987,1,1.6653345369377348e-16,3.191891195797325e-16,0.0
112,2,2,0.13310071881197819,7.443114796241244,ok,,0.03611485327381603,0.018057426636908014,0.018057426636908014,0.009134152834570752,0.03611485327381615,0.009134152834571058,0.03297479618934003,2,1.249000902703301e-16,3.0531133177191805e-16,0.0
113,2,1,0.7666996896291981,5.683912967650086,ok,,1.9751835654051035,0.9875917827025518,0.9875917827025518,0.7451175426054952,1.9751835654051018,0.7451175426054948,0.8612641571958136,1,1.7763568394002505e-15,4.440892098500626e-16,0.0
114,5,1,0.20543741037723465,9.781703247651091,ok,,0.021160473643740074,0.010580236821870037,0.010580236821870037,0.005331948202646153,0.021160473643740088,0.00533194820264604,0.02093816165815794,1,1.3877787807814457e-17,1.1275702593849246e-16,0.0
115,2,5,0.087067211685057,21.692431291856003,ok,,0.0074360241955917505,0.0037180120977958753,0.0037180120977958753,0.0018633451483704988,0.007436024195592202,0.0018633451483699567,0.006751942663448532,2,4.510281037539698e-16,5.421010862427522e-16,0.0
116,1,5,0.562820416398388,9.148250300367762,ok,,0.6106481386645288,0.3053240693322644,0.3053240693322644,0.18400320004812887,0.6106481386645286,0.18400320004812934,0.4570011835303757,1,2.220446049250313e-16,4.718447854656915e-16,0.0
117,3,2,0.19746912476857162,12.419562390747345,ok,,0.04138062042332313,0.020690310211661567,0.020690310211661567,0.010495947529315153,0.04138062042332306,0.010495947529314828,0.03942597566384381,2,7.632783294297951e-17,3.2439329000766293e-16,0.0
118,2,1,0.07285137574038833,12.259176395160157,ok,,0.14954478720071296,0.07477239360035648,0.07477239360035648,0.039430116017851624,0.14954478720071282,0.03943011601785165,0.13890012909670102,1,1.3877787807814457e-16,2.7755575615628914e-17,0.0
119,3,5,0.5237833957388898,9.80217470501005,ok,,0.39061706802025886,0.19530853401012943,0.19530853401012943,0.10594512979470228,0.3906170680202588,0.10594512979470366,0.2519577494606117,3,5.551115123125783e-17,1.3877787807814457e-15,0.0
120,4,5,0.7786768553163754,36.08346977822863,ok,,3.82234363607315,1.911171818036575,1.911171818036575,1.3737253094593926,3.82234363607315,1.3737253094593918,0.8636046396492791,4,0.0,8.881784197001252e-16,0.0
121,4,4,0.8472534749648885,11.529516223412129,ok,,1.5196769289351202,0.7598384644675601,0.7598384644675601,0.46230695845838987,1.5196769289351209,0.46230695845838937,0.5636475538415923,4,6.661338147750939e-16,4.996003610813204e-16,0.0
122,3,5,0.5443710009562893,7.631707475474602,ok,,1.5629090194115245,0.7814545097057622,0.7814545097057622,0.5034686199307155,1.5629090194115263,0.5034686199307163,0.6816632304232586,3,1.7763568394002505e-15,8.881784197001252e-16,0.0
123,3,2,0.31856515322941686,12.824842574599941,ok,,0.032008875914515234,0.016004437957257617,0.016004437957257617,0.008092926238250975,0.032008875914515116,0.008092926238251842,0.03069451293419026,2,1.1796119636642288e-16,8.673617379884035e-16,0.0
124,2,1,0.11024565886597078,7.8214665972351645,ok,,0.0034538081908355167,0.0017269040954177584,0.0017269040954177584,0.0008645697279825448,0.003453808190835459,0.000864569727982233,0.00344785065602703,1,5.767955557622884e-17,3.1181654480683108e-16,0.0
125,5,1,0.5699638162255424,18.922773976124006,ok,,0.4296674719814337,0.21483373599071684,0.21483373599071684,0.12346527427637355,0.4296674719814335,0.12346527427637216,0.3492745568073853,1,1.6653345369377348e-16,1.3877787807814457e-15,0.0
126,1,2,0.49146655171410536,4.799903547476929,ok,,0.08403084364849747,0.042015421824248736,0.042015421824248736,0.021660380944863,0.08403084364849742,0.021660380944862695,0.08059710208201878,1,5.551115123125783e-17,3.0531133177191805e-16,0.0
127,5,4,0.6361618056181557,11.811901309279357,ok,,2.378212269410696,1.189106134705348,1.189106134705348,0.8094670943930469,2.378212269410697,0.8094670943930482,0.7648087326670261,4,8.881784197001252e-16,1.3322676295501878e-15,0.0
128,5,2,0.12072049058888332,11.139120463785371,ok,,0.02514946819089653,0.012574734095448264,0.012574734095448264,0.00632667372087603,0.025149468190896522,0.006326673720875397,0.019603054704962503,2,6.938893903907228e-18,6.331740687315346e-16,0.0
129,3,5,0.41379955718031003,13.653730789059356,ok,,0.330650154876011,0.1653250774380055,0.1653250774380055,0.08809097458679993,0.330650154876011,0.08809097458680042,0.1961474763290071,3,0.0,4.85722573273506e-16,0.0
130,2,5,0.17400342483791006,10.990123688196324,ok,,0.054405549499482064,0.027202774749741032,0.027202774749741032,0.01380197609722078,0.054405549499481745,0.013801976097221037,0.0445584991341286,2,3.191891195797325e-16,2.5673907444456745e-16,0.0
131,4,1,0.4985015622332524,9.868420344843159,ok,,0.41787440201472037,0.20893720100736018,0.20893720100736018,0.11968101247274543,0.41787440201472004,0.11968101247274449,0.34155507741269686,1,3.3306690738754696e-16,9.43689570931383e-16,0.0
132,3,5,0.3281967592951786,12.975662087601634,ok,,0.3076943327567806,0.1538471663783903,0.1538471663783903,0.08099447821975225,0.3076943327567815,0.0809944782197525,0.16870530426438315,3,8.881784197001252e-16,2.498001805406602e-16,0.0
133,2,5,0.3627858550946762,12.176107247748655,ok,,0.25870727575287533,0.12935363787643767,0.12935363787643767,0.06854143816151126,0.25870727575287544,0.06854143816151062,0.17858811155954707,2,1.1102230246251565e-16,6.38378239159465e-16,0.0
134,1,3,0.6345862600964441,4.996206853822295,ok,,0.1478115590260758,0.0739057795130379,0.0739057795130379,0.03895030566024049,0.14781155902607582,0.03895030566024055,0.13740635238528576,1,2.7755575615628914e-17,5.551115123125783e-17,0.0
135,2,3,0.6384304824088946,9.411365895038701,ok,,0.4380344303035768,0.2190172151517884,0.2190172151517884,0.12225911735906925,0.43803443030357686,0.12225911735906944,0.3131687547288424,2,5.551115123125783e-17,1.942890293094024e-16,0.0
136,4,1,0.4283488774621757,7.62843685859425,ok,,0.047654140187791016,0.023827070093895508,0.023827070093895508,0.01212473780981993,0.04765414018779103,0.012124737809819744,0.0465365052368541,1,1.3877787807814457e-17,1.8561541192951836e-16,0.0
137,3,4,0.666052650894029,17.091877100935072,ok,,0.9175955958742821,0.45879779793714104,0.45879779793714104,0.27559735382961836,0.9175955958742822,0.2755973538296167,0.5181349785164856,3,1.1102230246251565e-16,1.6653345369377348e-15,0.0
138,2,5,0.5951505969063035,9.329295139737162,ok,,0.28207620972479575,0.14103810486239787,0.14103810486239787,0.07725782063321329,0.28207620972479613,0.07725782063321357,0.23999175572061368,2,3.885780586188048e-16,2.7755575615628914e-16,0.0
139,4,3,0.6613738909167544,11.483391480613,ok,,1.0708342949816634,0.5354171474908317,0.5354171474908317,0.3206201666051065,1.0708342949816632,0.32062016660510534,0.538390129165725,3,2.220446049250313e-16,1.1657341758564144e-15,0.0
140,2,4,0.8035342695277273,8.772628629766706,ok,,0.6046556553239153,0.30232782766195765,0.30232782766195765,0.17959202722708945,0.6046556553239151,0.17959202722708834,0.43967981764130876,2,2.220446049250313e-16,1.1102230246251565e-15,0.0
141,1,5,0.6388710928871514,11.135787876001364,ok,,0.1635717497099125,0.08178587485495625,0.08178587485495625,0.04333231653484759,0.1635717497099122,0.043332316534847225,0.15089442626267546,1,3.0531133177191805e-16,3.677613769070831e-16,0.0
142,2,4,0.2365440956462423,9.219839484191407,ok,,0.10797071504380318,0.05398535752190159,0.05398535752190159,0.0275657146460917,0.10797071504380343,0.027565714646091276,0.0649260025306815,2,2.498001805406602e-16,4.2327252813834093e-16,0.0
143,5,1,0.7743687455502287,21.10168692621824,ok,,0.6873351244033465,0.34366756220167327,0.34366756220167327,0.2109685343403882,0.6873351244033462,0.2109685343403886,0.4970855105377717,1,3.3306690738754696e-16,3.885780586188048e-16,0.0
144,5,2,0.7209755008121046,16.06030509446108,ok,,1.5526261900629825,0.7763130950314913,0.7763130950314913,0.4999445909367646,1.5526261900629814,0.49994459093676313,0.6735832116996961,2,1.1102230246251565e-15,1.4432899320127035e-15,0.0
145,3,2,0.5448413152069086,11.599659321026378,ok,,0.5033324313863511,0.25166621569317554,0.25166621569317554,0.14210434154282137,0.503332431386351,0.14210434154282056,0.34609675638578674,2,1.1102230246251565e-16,8.049116928532385e-16,0.0
146,4,4,0.42480324981032525,9.064484212091676,ok,,0.6307990315830136,0.3153995157915068,0.3153995157915068,0.17475184261851684,0.6307990315830135,0.1747518426185153,0.33601766204839223,4,1.1102230246251565e-16,1.5265566588595902e-15,0.0
147,1,4,0.6977606071182779,9.097093246946065,ok,,0.044621553276519066,0.022310776638259533,0.022310776638259533,0.011340660445847472,0.04462155327651924,0.011340660445847271,0.04364065558370891,1,1.734723475976807e-16,2.0122792321330962e-16,0.0
148,2,2,0.2969545434166527,9.495914985290378,ok,,0.09839919075934112,0.04919959537967056,0.04919959537967056,0.025492476097197514,0.09839919075934123,0.02549247609719753,0.09370904854343717,2,1.1102230246251565e-16,1.734723475976807e-17,0.0
149,5,4,0.3053545089781666,17.118166258940025,ok,,0.053976093158561556,0.026988046579280778,0.026988046579280778,0.013608685656945063,0.05397609315856121,0.013608685656945297,0.03055887225320783,4,3.469446951953614e-16,2.3418766925686896e-16,0.0
150,1,4,0.48180430050912426,7.235273033010942,ok,,0.12222073154217514,0.06111036577108757,0.06111036577108757,0.03192689313379615,0.12222073154217504,0.03192689313379575,0.11504699010011019,1,9.71445146547012e-17,4.0245584642661925e-16,0.0
151,5,2,0.46094975812565536,8.850971991060222,ok,,0.7365309808244578,0.3682654904122289,0.3682654904122289,0.2171440698602689,0.7365309808244582,0.21714406986026838,0.45857634399959185,2,4.440892098500626e-16,5.273559366969494e-16,0.0
152,4,3,0.4148896542926691,11.998123038681586,ok,,0.19185475399511914,0.09592737699755957,0.09592737699755957,0.049857492732808595,0.19185475399511898,0.04985749273280887,0.12244642838704548,3,1.6653345369377348e-16,2.7755575615628914e-16,0.0
153,3,3,0.439118491241693,17.369824213623158,ok,,0.3167157680993695,0.15835788404968476,0.15835788404968476,0.08438383130993277,0.3167157680993696,0.08438383130993253,0.20550035141112868,3,5.551115123125783e-17,2.3592239273284576e-16,0.0
154,4,2,0.6756115768308865,21.53814288636204,ok,,1.2438192366682133,0.6219096183341066,0.6219096183341066,0.3962836124559752,1.2438192366682144,0.3962836124559742,0.6393555200639627,2,1.1102230246251565e-15,9.992007221626409e-16,0.0
155,3,3,0.7304987482724883,18.136919746816687,ok,,0.8009206138434896,0.4004603069217448,0.4004603069217448,0.22935806690066673,0.8009206138434896,0.22935806690066715,0.42119094979839256,3,0.0,4.163336342344337e-16,0.0
156,3,3,0.48965156799043563,10.862696022089825,ok,,0.20161079258070058,0.10080539629035029,0.10080539629035029,0.05314913879093908,0.20161079258070036,0.05314913879093857,0.15737780949027225,3,2.220446049250313e-16,5.065392549852277e-16,0.0
157,1,2,0.24221629729879673,2.9471377581317144,ok,,0.06903185396383282,0.03451592698191641,0.03451592698191641,0.017699558723788034,0.06903185396383284,0.017699558723787773,0.06670304960260287,1,1.3877787807814457e-17,2.6020852139652106e-16,0.0
158,3,1,0.4567246489649464,12.260757379605925,ok,,0.09698063186158001,0.04849031593079001,0.04849031593079001,0.025112569418318298,0.09698063186158012,0.025112569418318357,0.09242641602615229,1,1.1102230246251565e-16,5.898059818321144e-17,0.0
159,3,1,0.8393054541099704,11.498835126099294,ok,,0.4766300826262082,0.2383150413131041,0.2383150413131041,0.13873560469678425,0.47663008262620815,0.13873560469678403,0.3791278417828172,1,5.551115123125783e-17,2.220446049250313e-16,0.0
160,3,5,0.2337007953638981,9.358307367518298,ok,,0.05789158788541249,0.028945793942706244,0.028945793942706244,0.014614822342174705,0.05789158788541199,0.014614822342174053,0.034742085096957066,3,4.996003610813204e-16,6.522560269672795e-16,0.0
161,2,1,0.2863237609950191,4.6010094679877795,ok,,0.024904034324455482,0.012452017162227741,0.012452017162227741,0.00628391164916664,0.024904034324455523,0.0062839116491664815,0.024596487205935786,1,4.163336342344337e-17,1.5872719805187785e-16,0.0
162,2,4,0.24998500580898347,12.535479548384986,ok,,0.032822100206709726,0.016411050103354863,0.016411050103354863,0.008285240523785653,0.03282210020670969,0.00828524052378532,0.02855961069430424,2,3.469446951953614e-17,3.3306690738754696e-16,0.0
163,4,2,0.6868374908457551,12.592861171922788,ok,,0.213348822844744,0.106674411422372,0.106674411422372,0.05589055611158944,0.21334882284474382,0.05589055611158909,0.1457058957158603,2,1.6653345369377348e-16,3.469446951953614e-16,0.0
164,1,2,0.39184771941308155,5.115197304782857,ok,,0.03726258030270768,0.01863129015135384,0.01863129015135384,0.009445006704302816,0.03726258030270774,0.009445006704302577,0.036576873803215115,1,5.551115123125783e-17,2.393918396847994e-16,0.0
165,5,4,0.5102301956760882,8.657762012024113,ok,,0.608816397196255,0.3044081985981275,0.3044081985981275,0.16881845378008986,0.6088163971962551,0.16881845378009075,0.33317271781148605,4,1.1102230246251565e-16,8.881784197001252e-16,0.0
166,1,5,0.5103667534670504,9.744086663129254,ok,,0.13201909232097053,0.06600954616048527,0.06600954616048527,0.03460253497531429,0.1320190923209706,0.03460253497531436,0.12367573614446499,1,5.551115123125783e-17,6.938893903907228e-17,0.0
167,4,2,0.3464031005377889,6.155663106314567,ok,,0.28088794342102025,0.14044397171051012,0.14044397171051012,0.07665385822917958,0.2808879434210201,0.07665385822917883,0.2348737495442362,2,1.6653345369377348e-16,7.494005416219807e-16,0.0
168,4,1,0.7873424865246939,20.330810313013565,ok,,1.695093632509143,0.8475468162545715,0.8475468162545715,0.6192594453344413,1.6950936325091432,0.6192594453344418,0.8164179610239863,1,2.220446049250313e-16,4.440892098500626e-16,0.0
169,3,4,0.2653063081661568,11.800333195726564,ok,,0.2934007203699125,0.14670036018495625,0.14670036018495625,0.07942534883119912,0.2934007203699122,0.07942534883119887,0.2281884777607501,3,2.7755575615628914e-16,2.498001805406602e-16,0.0
170,3,3,0.8330366425319347,11.051857838324642,ok,,1.233603816566492,0.616801908283246,0.616801908283246,0.41362938371794744,1.233603816566492,0.4136293837179478,0.6931348193327936,3,0.0,3.3306690738754696e-16,0.0
171,5,1,0.13696897862682633,13.193700438236148,ok,,0.024281791160155136,0.012140895580077568,0.012140895580077568,0.006125499265287715,0.024281791160155188,0.006125499265287808,0.02398936016692949,1,5.204170427930421e-17,9.280770596475918e-17,0.0
172,5,1,0.6899157699059386,11.153652725730495,ok,,0.8424130093447622,0.4212065046723811,0.4212065046723811,0.26766773776046104,0.8424130093447624,0.26766773776046027,0.5693299422666112,1,2.220446049250313e-16,7.771561172376096e-16,0.0
173,2,5,0.6972636025867022,10.804254086281423,ok,,0.6617993552635854,0.3308996776317927,0.3308996776317927,0.1854816033566724,0.6617993552635852,0.18548160335667158,0.32663352601656626,2,1.1102230246251565e-16,8.326672684688674e-16,0.0
174,3,1,0.06075947853052099,9.408167328858653,ok,,0.0016568766608030527,0.0008284383304015264,0.0008284383304015264,0.00041447646039749486,0.0016568766608030176,0.0004144764603979405,0.0016555047984419722,1,3.5128150388530344e-17,4.456613030001666e-16,0.0
175,2,3,0.5798474186052537,9.634816560314832,ok,,0.5343782359028314,0.2671891179514157,0.2671891179514157,0.14872527651023226,0.534378235902831,0.14872527651023226,0.32131840250166027,2,4.440892098500626e-16,0.0,0.0
176,1,2,0.2001901319705932,8.72230930663302,ok,,0.006030630416104965,0.0030153152080524825,0.0030153152080524825,0.001511063722965833,0.006030630416104973,0.0015110637229656756,0.006012482663619331,1,7.806255641895632e-18,1.5742615544489524e-16,0.0
177,3,4,0.11249857497327069,8.986513062596623,ok,,0.027852541105147566,0.013926270552573783,0.013926270552573783,0.006998901405222746,0.027852541105147576,0.0069989014052232925,0.01807936294652498,3,1.0408340855860843e-17,5.464378949326942e-16,0.0
178,5,4,0.3208390633120917,16.500345014109783,ok,,0.2798456580429282,0.1399228290214641,0.1399228290214641,0.07356382996954469,0.27984565804292816,0.07356382996954519,0.16644212415652104,4,5.551115123125783e-17,4.996003610813204e-16,0.0
179,3,1,0.4700172327516769,9.103558701144705,ok,,0.03175497623076906,0.01587748811538453,0.01587748811538453,0.008032778253255657,0.03175497623076906,0.008032778253255667,0.0312560817122176,1,0.0,1.0408340855860843e-17,0.0
180,5,5,0.43895310490681494,16.706391240623148,ok,,0.3392589630560719,0.16962948152803595,0.16962948152803595,0.08897168549847656,0.33925896305607217,0.08897168549847664,0.17339332509035293,5,2.7755575615628914e-16,8.326672684688674e-17,0.0
181,1,2,0.16965368249533863,8.471956289340435,ok,,0.03380641186039468,0.01690320593019734,0.01690320593019734,0.008558142426976278,0.03380641186039478,0.008558142426975723,0.03324136047015175,1,9.71445146547012e-17,5.551115123125783e-16,0.0
182,5,4,0.8341795719132319,54.1517910359705,ok,,2.5383516085741977,1.2691758042870989,1.2691758042870989,0.8915107804306155,2.538351608574196,0.8915107804306166,0.8488090039906534,4,1.7763568394002505e-15,1.1102230246251565e-15,0.0
183,3,2,0.6855962846205222,11.65598712486818,ok,,0.28384607502528447,0.14192303751264224,0.14192303751264224,0.07515902644995354,0.2838460750252847,0.0751590264499534,0.1780752378409061,2,2.220446049250313e-16,1.3877787807814457e-16,0.0
184,5,3,0.750764878276492,9.057247498259553,ok,,2.015050395614818,1.007525197807409,1.007525197807409,0.6389420777498698,2.015050395614818,0.6389420777498708,0.6538969257959307,3,0.0,9.992007221626409e-16,0.0
185,5,2,0.6719765652686556,13.16967675917584,ok,,0.5747977967736597,0.28739889838682986,0.28739889838682986,0.1662164255412799,0.5747977967736602,0.16621642554127933,0.3982371852329453,2,4.440892098500626e-16,5.828670879282072e-16,0.0
186,3,3,0.09695248541436637,14.370945815268243,ok,,0.01018511176795811,0.005092555883979055,0.005092555883979055,0.0025547602487376864,0.010185111767957989,0.002554760248737163,0.009449691751918265,3,1.214306433183765e-16,5.234528088760015e-16,0.0
187,5,5,0.5047108166678211,14.115745399224815,ok,,0.5639906040863488,0.2819953020431744,0.2819953020431744,0.15653188448275834,0.5639906040863484,0.156531884482757,0.3360447790420947,5,4.440892098500626e-16,1.3322676295501878e-15,0.0
188,4,5,0.41917511864180146,10.594162073991882,ok,,0.2912150138502596,0.1456075069251298,0.1456075069251298,0.07709263312430625,0.29121501385025916,0.07709263312430527,0.18866187267522608,4,4.440892098500626e-16,9.853229343548264e-16,0.0
189,5,3,0.11759187546602806,15.324024008268816,ok,,0.049591461916868584,0.024795730958434292,0.024795730958434292,0.012522678116908104,0.049591461916868314,0.012522678116907887,0.03248858457121816,3,2.706168622523819e-16,2.1684043449710089e-16,0.0
190,3,4,0.21796087154516747,23.743249280376194,ok,,0.18895719565620828,0.09447859782810414,0.09447859782810414,0.04962797145313935,0.1889571956562081,0.04962797145313917,0.1480920046580664,3,1.6653345369377348e-16,1.8041124150158794e-16,0.0
191,1,4,0.2708400293521658,7.372559021048364,ok,,0.033735858306503275,0.016867929153251637,0.016867929153251637,0.00854006106919769,0.0337358583065035,0.008540061069197885,0.03317314980615373,1,2.220446049250313e-16,1.942890293094024e-16,0.0
192,5,5,0.2537654466175803,15.305549794561324,ok,,0.10029466958013855,0.050147334790069276,0.050147334790069276,0.025494061691160752,0.1002946695801392,0.025494061691160856,0.05811852517414731,5,6.522560269672795e-16,1.0408340855860843e-16,0.0
193,5,2,0.1072305900602982,9.83314382693084,ok,,0.004125906720924444,0.002062953360462222,0.002062953360462222,0.0010326922533812066,0.004125906720924492,0.0010326922533807693,0.0035503045692187145,2,4.85722573273506e-17,4.373671563806525e-16,0.0
194,5,3,0.15596257675847608,13.66447007867521,ok,,0.032742847120049795,0.016371423560024898,0.016371423560024898,0.008231816501806932,0.032742847120049885,0.00823181650180717,0.017742860668899473,3,9.020562075079397e-17,2.3765711620882257e-16,0.0
195,3,3,0.837975258742309,9.964368109392845,ok,,1.912538046428924,0.956269023214462,0.956269023214462,0.6046546526148227,1.9125380464289243,0.6046546526148218,0.6418985771461213,3,2.220446049250313e-16,8.881784197001252e-16,0.0
196,2,4,0.11834124193708317,9.246744079459113,ok,,0.044919826867874324,0.022459913433937162,0.022459913433937162,0.011338405494953463,0.04491982686787384,0.011338405494953454,0.030735545672366707,2,4.85722573273506e-16,8.673617379884035e-18,0.0
197,3,1,0.5496524374412396,4.099572795077684,ok,,0.3620743287489875,0.18103716437449374,0.18103716437449374,0.10205635118266354,0.36207432874898726,0.1020563511826632,0.30376938403222276,1,2.220446049250313e-16,3.469446951953614e-16,0.0
198,4,1,0.5933687119717613,12.123128194268284,ok,,0.5443925323952271,0.27219626619761356,0.27219626619761356,0.16131892900526434,0.5443925323952273,0.16131892900526418,0.41980587455350826,1,2.220446049250313e-16,1.6653345369377348e-16,0.0
199,5,1,0.5649666709169004,12.769418864776927,ok,,0.32401789440894835,0.16200894720447417,0.16200894720447417,0.09030811796084848,0.32401789440894824,0.09030811796084803,0.2767626996399714,1,1.1102230246251565e-16,4.440892098500626e-16,0.0
200,4,1,0.19931142035942634,18.19706925858544,ok,,0.07396549909710133,0.036982749548550665,0.036982749548550665,0.018997921327569056,0.07396549909710133,0.01899792132756907,0.07129626559406782,1,0.0,1.3877787807814457e-17,0.0
201,4,1,0.5478033706067938,7.050665898488239,ok,,0.36211778279549445,0.18105889139774722,0.18105889139774722,0.10206989324474947,0.36211778279549445,0.10206989324474955,0.30379963741246807,1,0.0,8.326672684688674e-17,0.0
202,2,5,0.20290951286231923,11.928976196266044,ok,,0.01527683351981557,0.007638416759907785,0.007638416759907785,0.0038370693893625685,0.015276833519815649,0.003837069389361454,0.013637969379451961,2,7.979727989493313e-17,1.1145598333150986e-15,0.0
203,1,5,0.3406317801487676,8.96049653871384,ok,,0.03178464184527341,0.015892320922636705,0.015892320922636705,0.008040369963071115,0.03178464184527343,0.008040369963071062,0.03128481966958429,1,2.0816681711721685e-17,5.204170427930421e-17,0.0
204,4,1,0.5565744207467502,6.965781115779603,ok,,0.22654039897723066,0.11327019948861533,0.11327019948861533,0.06126273753296463,0.22654039897723055,0.06126273753296421,0.2027128679223338,1,1.1102230246251565e-16,4.163336342344337e-16,0.0
205,1,5,0.733222581865649,9.662294102844772,ok,,0.6571208818040299,0.32856044090201497,0.32856044090201497,0.20025580916313057,0.65712088180403,0.2002558091631303,0.4816584451957549,1,1.1102230246251565e-16,2.7755575615628914e-16,0.0
206,3,5,0.8301107974107088,11.426027717186152,ok,,1.5758962791068793,0.7879481395534397,0.7879481395534397,0.5063955102521778,1.5758962791068774,0.5063955102521751,0.6819696742835247,3,1.9984014443252818e-15,2.6645352591003757e-15,0.0
207,1,3,0.5336242563522947,4.122161797757972,ok,,0.035736479062445925,0.017868239531222962,0.017868239531222962,0.009053132865535662,0.03573647906244574,0.009053132865535695,0.035105470105498186,1,1.8735013540549517e-16,3.2959746043559335e-17,0.0
208,1,5,0.588702388105404,12.396391272467916,ok,,0.3313348264100224,0.1656674132050112,0.1656674132050112,0.09254945646478241,0.3313348264100216,0.09254945646478113,0.28203526476379853,1,7.771561172376096e-16,1.27675647831893e-15,0.0
209,5,4,0.3595512609913932,12.08229657431198,ok,,0.9219420116066197,0.46097100580330985,0.46097100580330985,0.26676594752925453,0.9219420116066198,0.266765947529254,0.4094569894343736,4,1.1102230246251565e-16,5.551115123125783e-16,0.0
210,1,1,0.05610673863848963,9.518491717803741,ok,,0.0026335490535603356,0.0013167745267801678,0.0013167745267801678,0.000659037188632583,0.002633549053560316,0.0006590371886324978,0.002630084305446984,1,1.951563910473908e-17,8.521829075736065e-17,0.0
211,1,5,0.14668150228064727,14.702658403033247,ok,,0.0437840137911637,0.02189200689558185,0.02189200689558185,0.01112441100717021,0.0437840137911642,0.011124411007169611,0.04283933134706986,1,4.996003610813204e-16,5.984795992119984e-16,0.0
212,4,5,0.3098112928344762,16.10695451105991,ok,,0.21054745233921635,0.10527372616960817,0.10527372616960817,0.055011804652543184,0.21054745233921626,0.05501180465254496,0.14507466616730233,4,8.326672684688674e-17,1.7763568394002505e-15,0.0
213,4,1,0.7229486148415827,5.625243246363844,ok,,0.4533656337226811,0.22668281686134056,0.22668281686134056,0.13113118534493529,0.4533656337226813,0.13113118534493506,0.3645142638725891,1,1.6653345369377348e-16,2.220446049250313e-16,0.0
214,2,5,0.4826557777972851,7.853741272912395,ok,,0.38397769514028907,0.19198884757014453,0.19198884757014453,0.10493753326365773,0.383977695140289,0.10493753326365665,0.26467220024610694,2,5.551115123125783e-17,1.0824674490095276e-15,0.0
215,5,5,0.6068221653877717,11.738596495277141,ok,,0.5447216049446351,0.27236080247231753,0.27236080247231753,0.1460732034485268,0.5447216049446352,0.14607320344852762,0.23860820984994552,5,1.1102230246251565e-16,8.049116928532385e-16,0.0
216,1,4,0.3212465414877976,11.507600176498247,ok,,0.07504705094845576,0.03752352547422788,0.03752352547422788,0.019283135466511503,0.07504705094845586,0.019283135466511645,0.07230016385550328,1,9.71445146547012e-17,1.4224732503009818e-16,0.0
217,5,1,0.25700278587051084,14.05131427195211,ok,,0.07542710151061444,0.03771355075530722,0.03771355075530722,0.019383408045221984,0.07542710151061449,0.019383408045222216,0.07265266971047735,1,5.551115123125783e-17,2.3245294578089215e-16,0.0
218,3,3,0.2824141490079401,9.016436069606597,ok,,0.03421158773068411,0.017105793865342056,0.017105793865342056,0.0086155290067369,0.034211587730684126,0.008615529006736344,0.023908888031386834,3,1.3877787807814457e-17,5.551115123125783e-16,0.0
219,5,3,0.30942874951495075,10.59632499550148,ok,,0.5199762231449313,0.25998811157246565,0.25998811157246565,0.15124552844185146,0.5199762231449313,0.15124552844185235,0.3917377787782388,3,0.0,8.881784197001252e-16,0.0
220,5,1,0.6155844971256372,6.332128663279501,ok,,0.6175585856352969,0.30877929281764843,0.30877929281764843,0.18640242435304266,0.6175585856352966,0.1864024243530416,0.4607406126124599,1,2.220446049250313e-16,1.0547118733938987e-15,0.0
221,5,1,0.5969927317733125,16.974778545259486,ok,,0.21509580920650095,0.10754790460325048,0.10754790460325048,0.057954262299891646,0.2150958092065009,0.05795426229989143,0.19353583021639995,1,5.551115123125783e-17,2.1510571102112408e-16,0.0
222,4,3,0.5036372117413844,10.063642002064078,ok,,0.5635147565764544,0.2817573782882272,0.2817573782882272,0.15320123124309415,0.5635147565764547,0.1532012312430937,0.2686516786157033,3,2.220446049250313e-16,4.440892098500626e-16,0.0
223,2,3,0.8285666050597841,6.214016568011686,ok,,1.0477999032741483,0.5238999516370741,0.5238999516370741,0.3212785906690847,1.0477999032741478,0.32127859066908454,0.561425347110295,2,4.440892098500626e-16,1.6653345369377348e-16,0.0
224,1,5,0.6415737571701082,6.777493036788198,ok,,0.4286031937278858,0.2143015968639429,0.2143015968639429,0.12312292095054023,0.4286031937278861,0.12312292095053909,0.3485816352038737,1,2.7755575615628914e-16,1.1379786002407855e-15,0.0
225,5,3,0.2603050099531075,10.837287101332867,ok,,0.15808272954886582,0.07904136477443291,0.07904136477443291,0.041609713938448145,0.15808272954886549,0.04160971393844898,0.14024569161475148,3,3.3306690738754696e-16,8.326672684688674e-16,0.0
226,5,2,0.48402009911151905,16.175547536207777,ok,,0.22016451050803243,0.11008225525401621,0.11008225525401621,0.057396929441836164,0.22016451050803237,0.05739692944183515,0.12778207478555179,2,5.551115123125783e-17,1.0130785099704553e-15,0.0
227,3,5,0.7454433796994643,23.5416424561518,ok,,2.4871304718975313,1.2435652359487657,1.2435652359487657,0.9142030942062149,2.4871304718975344,0.9142030942062176,0.8794076316176113,3,3.1086244689504383e-15,2.6645352591003757e-15,0.0
228,4,2,0.7842097853602644,14.70625719726311,ok,,2.109354474499187,1.0546772372495934,1.0546772372495934,0.7462850499803357,2.1093544744991863,0.7462850499803353,0.8280791775076025,2,4.440892098500626e-16,4.440892098500626e-16,0.0
229,2,2,0.40929299700591204,9.160236344335734,ok,,0.015428751548035913,0.007714375774017956,0.007714375774017956,0.003869139486214035,0.015428751548036045,0.0038691394862139976,0.009745879965698848,2,1.3183898417423734e-16,3.729655473350135e-17,0.0
230,3,3,0.528036295833755,10.790306451873565,ok,,0.4432351745472999,0.22161758727364994,0.22161758727364994,0.12390797694190958,0.4432351745473,0.12390797694191047,0.3172960632247809,3,1.1102230246251565e-16,8.881784197001252e-16,0.0
231,5,3,0.26779840189020526,16.944246729819447,ok,,0.2250140057640047,0.11250700288200235,0.11250700288200235,0.05880080927380593,0.22501400576400485,0.05880080927380575,0.1435915942287602,3,1.3877787807814457e-16,1.8041124150158794e-16,0.0
232,2,1,0.7830907582742181,9.74197378731849,ok,,0.010270371726317895,0.0051351858631589475,0.0051351858631589475,0.0025774647940770556,0.010270371726317921,0.002577464794076699,0.010217811550032261,1,2.6020852139652106e-17,3.5648567431323386e-16,0.0
233,4,1,0.609998123751306,5.153797696576034,ok,,0.5265193411359186,0.2632596705679593,0.2632596705679593,0.15530057942279507,0.5265193411359187,0.15530057942279601,0.4093427276056392,1,1.1102230246251565e-16,9.43689570931383e-16,0.0
234,3,2,0.4209461073050899,6.447252497479105,ok,,0.13198128769287631,0.06599064384643816,0.06599064384643816,0.03437990697572735,0.1319812876928762,0.03437990697572685,0.11521850357226669,2,1.1102230246251565e-16,4.996003610813204e-16,0.0
235,3,4,0.4487226013856355,8.812170291555425,ok,,0.44775617993797784,0.22387808996898892,0.22387808996898892,0.12428859910455792,0.44775617993797795,0.12428859910455818,0.3091646988197546,3,1.1102230246251565e-16,2.636779683484747e-16,0.0
236,5,3,0.380377375938048,13.440502908594851,ok,,0.06128507240666381,0.030642536203331905,0.030642536203331905,0.015473031009256566,0.061285072406663796,0.01547303100925643,0.032016670370310675,3,1.3877787807814457e-17,1.3530843112619095e-16,0.0
237,1,5,0.3107803807631538,16.99844518423399,ok,,0.009743205719409176,0.004871602859704588,0.004871602859704588,0.002444686662122386,0.00974320571940942,0.0024446866621228706,0.009695894469653238,1,2.445960101127298e-16,4.844215306665234e-16,0.0
238,2,5,0.16464666467262287,10.331226971667121,ok,,0.04625328241224036,0.02312664120612018,0.02312664120612018,0.011674649752384525,0.04625328241224094,0.011674649752384338,0.030506179896760913,2,5.828670879282072e-16,1.8735013540549517e-16,0.0
239,2,5,0.5823193368441275,10.691716085911152,ok,,0.4522038230714407,0.22610191153572035,0.22610191153572035,0.12897985938157763,0.45220382307144125,0.1289798593815779,0.347654574179554,2,5.551115123125783e-16,2.7755575615628914e-16,0.0
240,3,4,0.167209711075584,14.90278983255654,ok,,0.027973290897082226,0.013986645448541113,0.013986645448541113,0.007019703491298657,0.02797329089708207,0.0070197034912988345,0.012423877971844797,3,1.5612511283791264e-16,1.7780915628762273e-16,0.0
241,2,3,0.09122935292213095,12.721628155286835,ok,,0.00961073946493296,0.00480536973246648,0.00480536973246648,0.00240767286234167,0.009610739464933276,0.0024076728623416833,0.006664042509688246,2,3.157196726277789e-16,1.3444106938820255e-17,0.0
242,3,3,0.3915041965297316,11.171699842320596,ok,,0.15242627674307552,0.07621313837153776,0.07621313837153776,0.03961676469819242,0.15242627674307563,0.03961676469819196,0.11829322002115435,3,1.1102230246251565e-16,4.579669976578771e-16,0.0
243,5,2,0.27401689112436856,15.000081647191193,ok,,0.07680423724715443,0.03840211862357722,0.03840211862357722,0.01954921554357103,0.07680423724715461,0.019549215543570673,0.05671229146417088,2,1.8041124150158794e-16,3.5735303605122226e-16,0.0
244,5,4,0.5348760432922087,11.625270814672263,ok,,1.1013372982122047,0.5506686491061024,0.5506686491061024,0.3247189600756686,1.1013372982122047,0.3247189600756672,0.48372081007731355,4,0.0,1.3877787807814457e-15,0.0
245,5,2,0.8406912885145681,88.9930254429935,ok,,1.966732854599078,0.983366427299539,0.983366427299539,0.69392450190779,1.9667328545990774,0.6939245019077884,0.8166137317271942,2,6.661338147750939e-16,1.5543122344752192e-15,0.0
246,5,4,0.8261674161204545,8.864279802016188,ok,,0.8963414324552148,0.4481707162276074,0.4481707162276074,0.2531966218272057,0.8963414324552149,0.25319662182720687,0.3498345944838241,4,1.1102230246251565e-16,1.1657341758564144e-15,0.0
247,4,1,0.5776084472466803,11.54028827149768,ok,,1.034963722469051,0.5174818612345256,0.5174818612345256,0.3417105848045172,1.0349637224690513,0.3417105848045173,0.6447607321052684,1,2.220446049250313e-16,1.1102230246251565e-16,0.0
248,4,5,0.6809551285700308,10.167761011674605,ok,,1.2958478291129176,0.6479239145564588,0.6479239145564588,0.3953873257706837,1.295847829112918,0.39538732577068336,0.570984237125629,4,4.440892098500626e-16,3.3306690738754696e-16,0.0
249,4,4,0.08180519249021043,14.40404000608885,ok,,0.012414773001172774,0.006207386500586387,0.006207386500586387,0.0031131855250627893,0.012414773001172956,0.0031131855250626935,0.009722163730353504,4,1.8214596497756474e-16,9.584347204771859e-17,0.0
250,1,4,0.33193739926237703,16.781255889469843,ok,,0.03874040495065312,0.01937020247532656,0.01937020247532656,0.009824892427843235,0.038740404950653576,0.009824892427843498,0.037999592722036325,1,4.579669976578771e-16,2.636779683484747e-16,0.0
251,5,1,0.6255939996785314,5.971815866932879,ok,,0.12980396561498964,0.06490198280749482,0.06490198280749482,0.033996176821751156,0.12980396561498966,0.03399617682175178,0.12173241530817976,1,2.7755575615628914e-17,6.245004513516506e-16,0.0
252,5,3,0.2126766433357101,21.850831415592985,ok,,0.1831005348265602,0.0915502674132801,0.0915502674132801,0.04804152185472521,0.18310053482656016,0.0480415218547239,0.1444147071099141,3,2.7755575615628914e-17,1.3114509478384662e-15,0.0
253,4,5,0.673888471863467,15.055793471365371,ok,,0.8722979549581252,0.4361489774790626,0.4361489774790626,0.24483378823427504,0.8722979549581242,0.244833788234276,0.37942059516839255,4,9.992007221626409e-16,9.71445146547012e-16,0.0
254,5,5,0.23387675628074192,11.13910634274498,ok,,0.1151991630137238,0.0575995815068619,0.0575995815068619,0.029300401935305587,0.11519916301372357,0.029300401935306523,0.06126752239050044,5,2.220446049250313e-16,9.367506770274758e-16,0.0
255,5,2,0.5572860557816348,10.117179324568271,ok,,0.18352590640561423,0.09176295320280711,0.09176295320280711,0.048585063493193914,0.18352590640561436,0.04858506349319366,0.1579584114345856,2,1.3877787807814457e-16,2.5673907444456745e-16,0.0
256,5,4,0.4699411562861848,12.559185502745475,ok,,0.4559874753045552,0.2279937376522776,0.2279937376522776,0.12435648055701698,0.45598747530455513,0.12435648055701728,0.2776304862071035,4,5.551115123125783e-17,3.0531133177191805e-16,0.0
257,2,1,0.46136959554630835,2.920313267586824,ok,,0.30804890446374233,0.15402445223187117,0.15402445223187117,0.0854456141949087,0.3080489044637425,0.08544561419490834,0.26512062175164014,1,1.6653345369377348e-16,3.608224830031759e-16,0.0
258,2,5,0.6060597506484904,7.59818273904481,ok,,0.3672695711326125,0.18363478556630625,0.18363478556630625,0.09869409542909668,0.3672695711326127,0.09869409542909792,0.22121492674538407,2,2.220446049250313e-16,1.2351231148954867e-15,0.0
259,3,3,0.6819694951891344,24.373089855017753,ok,,1.5672727652984286,0.7836363826492143,0.7836363826492143,0.4981421713660481,1.5672727652984277,0.4981421713660474,0.6402985707663568,3,8.881784197001252e-16,7.216449660063518e-16,0.0
260,1,1,0.8478000733537774,8.956120831242597,ok,,2.862147053549578,1.431073526774789,1.431073526774789,1.1622609447732144,2.8621470535495748,1.1622609447732124,0.9428540669240792,1,3.1086244689504383e-15,1.9984014443252818e-15,0.0
261,3,3,0.8349266375314066,33.289479864719475,ok,,2.424927187306973,1.2124635936534864,1.2124635936534864,0.8638556078676984,2.424927187306972,0.8638556078676983,0.8481272518848646,3,8.881784197001252e-16,1.1102230246251565e-16,0.0
262,3,4,0.09249125289367355,15.872819645426427,ok,,0.007375522177858723,0.0036877610889293616,0.0036877610889293616,0.0018473050533795998,0.00737552217785895,0.0018473050533793396,0.005914823046055676,3,2.2638141361497333e-16,2.6020852139652106e-16,0.0
263,3,2,0.41420195157023987,5.551812625044102,ok,,0.20154691188532015,0.10077345594266007,0.10077345594266007,0.052745012679763725,0.20154691188532023,0.05274501267976299,0.14191413614405204,2,8.326672684688674e-17,7.355227538141662e-16,0.0
264,2,5,0.6315961950973626,13.234660468762613,ok,,0.3165058369018412,0.1582529184509206,0.1582529184509206,0.08643683760174703,0.31650583690184075,0.08643683760174597,0.24745661163409535,2,4.440892098500626e-16,1.0547118733938987e-15,0.0
265,3,1,0.8207917193240791,13.859681877837605,ok,,0.5322095481802497,0.26610477409012484,0.26610477409012484,0.1572118753500935,0.5322095481802496,0.157211875350093,0.4126941456038451,1,1.1102230246251565e-16,4.996003610813204e-16,0.0
266,5,3,0.41967733114058675,8.179628195226783,ok,,0.30468199966021364,0.15234099983010682,0.15234099983010682,0.08066441331386454,0.30468199966021364,0.08066441331386537,0.18486573141735163,3,0.0,8.326672684688674e-16,0.0
267,5,2,0.1925227160417323,10.614780648393554,ok,,0.055501028064626756,0.027750514032313378,0.027750514032313378,0.014150607603869325,0.05550102806462686,0.014150607603869166,0.052977573580465016,2,1.0408340855860843e-16,1.5959455978986625e-16,0.0
268,4,5,0.49877520356803107,6.90464479981325,ok,,0.28415363405747585,0.14207681702873792,0.14207681702873792,0.0736559197469413,0.2841536340574758,0.07365591974694116,0.12732534098389026,4,5.551115123125783e-17,1.3877787807814457e-16,0.0
269,4,5,0.2527423927992407,15.932676594182992,ok,,0.15712684217768969,0.07856342108884484,0.07856342108884484,0.04045687121957986,0.1571268421776895,0.040456871219579325,0.10030481463608402,4,1.942890293094024e-16,5.342948306008566e-16,0.0
270,1,3,0.6586463373486305,13.128213523776505,ok,,0.6400366011518036,0.3200183005759018,0.3200183005759018,0.1942490260123253,0.6400366011518042,0.19424902601232538,0.47272687511382117,1,5.551115123125783e-16,8.326672684688674e-17,0.0
271,5,5,0.7539647811711355,12.743650764729848,ok,,1.8311441978005831,0.9155720989002916,0.9155720989002916,0.5655511896902334,1.8311441978005822,0.565551189690233,0.6555751113917196,5,8.881784197001252e-16,4.440892098500626e-16,0.0
272,3,3,0.6882700271783918,11.91293185522439,ok,,0.46519646158875294,0.23259823079437647,0.23259823079437647,0.13013567289722605,0.4651964615887536,0.13013567289722605,0.325155599585359,3,6.661338147750939e-16,0.0,0.0
273,4,3,0.7409931344544761,33.01741642860516,ok,,1.1521550617580034,0.5760775308790017,0.5760775308790017,0.3466264285157665,1.152155061758003,0.3466264285157671,0.51953005129502,3,4.440892098500626e-16,5.551115123125783e-16,0.0
274,2,5,0.5970935760460273,11.405255100535001,ok,,0.7503086907904924,0.3751543453952462,0.3751543453952462,0.21865967465798342,0.7503086907904927,0.2186596746579833,0.4401332684755002,2,2.220446049250313e-16,1.1102230246251565e-16,0.0
275,5,2,0.6978029704031012,7.9694479314069,ok,,0.7581921806337515,0.37909609031687574,0.37909609031687574,0.21556106840640954,0.7581921806337509,0.2155610684064091,0.3633852614340826,2,5.551115123125783e-16,4.440892098500626e-16,0.0
276,5,1,0.8056088615472186,11.391037516561207,ok,,0.8871034607561199,0.44355173037805995,0.44355173037805995,0.2845111437224448,0.8871034607561202,0.284511143722445,0.5881530423911198,1,3.3306690738754696e-16,2.220446049250313e-16,0.0
277,1,3,0.27042417973221194,14.79838805248995,ok,,0.04748104111244955,0.023740520556224776,0.023740520556224776,0.01207993761150794,0.04748104111244953,0.01207993761150774,0.04637144730226293,1,2.0816681711721685e-17,2.0122792321330962e-16,0.0
278,1,4,0.5937493718272995,3.4320862530023097,ok,,0.807238240717836,0.403619120358918,0.403619120358918,0.2545645369509537,0.8072382407178352,0.2545645369509535,0.5539116447843825,1,7.771561172376096e-16,2.220446049250313e-16,0.0
279,4,1,0.7341346995986037,5.69796696194418,ok,,0.9809291142958483,0.49046455714792414,0.49046455714792414,0.3205544251467356,0.9809291142958474,0.3205544251467359,0.6250374461118059,1,8.881784197001252e-16,2.7755575615628914e-16,0.0
280,1,4,0.15252782317151456,11.636723734117675,ok,,0.00981867511907314,0.00490933755953657,0.00490933755953657,0.0024636920786504923,0.009818675119073016,0.0024636920786501072,0.009770629305849925,1,1.231653667943533e-16,3.8510861166685117e-16,0.0
281,2,1,0.14583376649281576,10.83335444299175,ok,,0.2062607687473763,0.10313038437368816,0.10313038437368816,0.05541512373966606,0.20626076874737634,0.05541512373966603,0.18637911828089726,1,2.7755575615628914e-17,2.7755575615628914e-17,0.0
282,5,2,0.22483239610156677,18.667768299491964,ok,,0.11374451060977564,0.05687225530488782,0.05687225530488782,0.02953620746165697,0.11374451060977521,0.029536207461657953,0.10348090330991448,2,4.3021142204224816e-16,9.818534874028728e-16,0.0
283,1,2,0.7195175096260438,8.652657842824684,ok,,0.4268313537653414,0.2134156768826707,0.2134156768826707,0.12255332997067914,0.4268313537653417,0.12255332997067875,0.34742640297170474,1,2.7755575615628914e-16,3.885780586188048e-16,0.0
284,1,1,0.19000586840381864,2.415768580805155,ok,,0.012492787989660359,0.006246393994830179,0.006246393994830179,0.003137798048366003,0.01249278798966033,0.0031377980483657,0.01241507705912663,1,2.949029909160572e-17,3.0270924655795284e-16,0.0
285,2,2,0.2146539365201713,9.079391358955773,ok,,0.01609911402093564,0.00804955701046782,0.00804955701046782,0.004038868824703723,0.01609911402093567,0.004038868824703644,0.01122371934547055,2,3.122502256758253e-17,7.892991815694472e-17,0.0
286,1,3,0.4881033909396066,6.4975026152615625,ok,,0.03282926559553756,0.01641463279776878,0.01641463279776878,0.008307802520171936,0.032829265595537914,0.008307802520171952,0.03229623418841076,1,3.5388358909926865e-16,1.5612511283791264e-17,0.0
287,3,2,0.7637350822575044,10.71223173260762,ok,,0.28904377404917303,0.14452188702458652,0.14452188702458652,0.07946243692607124,0.2890437740491729,0.07946243692607192,0.2472354006311622,2,1.1102230246251565e-16,6.800116025829084e-16,0.0
288,3,3,0.5704231335571519,7.817406437334625,ok,,1.1310183937863294,0.5655091968931647,0.5655091968931647,0.3553579235746085,1.1310183937863294,0.3553579235746095,0.6077077034544799,3,0.0,9.992007221626409e-16,0.0
289,4,4,0.7645646119361823,32.505240987563546,ok,,1.3751843824292078,0.6875921912146039,0.6875921912146039,0.4419027197456442,1.3751843824292078,0.441902719745643,0.6707181611135842,4,0.0,1.2212453270876722e-15,0.0
290,2,1,0.3969249565093463,4.529835164263142,ok,,0.09108241172043274,0.04554120586021637,0.04554120586021637,0.023536485749434455,0.09108241172043276,0.023536485749434694,0.08705752936069276,1,1.3877787807814457e-17,2.393918396847994e-16,0.0
291,4,1,0.12121328538614937,12.234045627063475,ok,,0.01966977245070678,0.00983488622535339,0.00983488622535339,0.00495359592960698,0.019669772450706714,0.004953595929606966,0.01947758463620704,1,6.591949208711867e-17,1.3877787807814457e-17,0.0
292,5,1,0.4055461845507457,12.56396426649045,ok,,0.06344697483319739,0.031723487416598695,0.031723487416598695,0.01623513051643055,0.06344697483319728,0.01623513051643094,0.06147611663325774,1,1.1102230246251565e-16,3.885780586188048e-16,0.0
293,3,1,0.23763448860818268,10.387384502860208,ok,,0.024064234380387434,0.012032117190193717,0.012032117190193717,0.0060701299780299145,0.02406423438038745,0.006070129978029357,0.02377699933567666,1,1.734723475976807e-17,5.577135975265435e-16,0.0
294,1,1,0.6774972330145549,5.50855572621933,ok,,0.00872560940097905,0.004362804700489525,0.004362804700489525,0.002188529738715417,0.008725609400979122,0.002188529738715287,0.008687651752703855,1,7.112366251504909e-17,1.2967057982926633e-16,0.0
295,3,3,0.11188201770547906,11.780066041160264,ok,,0.003116621545681819,0.0015583107728409096,0.0015583107728409096,0.0007796155350261458,0.00311662154568163,0.000779615535025497,0.0018020390551503247,3,1.8908485888147197e-16,6.487865800153259e-16,0.0
296,1,5,0.5476892233036708,14.351044951503411,ok,,0.3370595203203721,0.16852976016018606,0.16852976016018606,0.09430887561636236,0.3370595203203716,0.09430887561636121,0.28613365091560095,1,4.996003610813204e-16,1.1518563880486e-15,0.0
297,1,2,0.28316402057734963,6.961273116965048,ok,,0.14032481788199624,0.07016240894099812,0.07016240894099812,0.036883740342333216,0.1403248178819962,0.03688374034233314,0.13092410184533718,1,5.551115123125783e-17,7.632783294297951e-17,0.0
298,1,5,0.278338623415377,12.24749320950379,ok,,0.1512862949751167,0.07564314748755835,0.07564314748755835,0.03991274270811562,0.15128629497511747,0.039912742708115234,0.1403984361810218,1,7.771561172376096e-16,3.885780586188048e-16,0.0
299,1,4,0.5986496617809729,6.821187690742302,ok,,0.3842948435284195,0.19214742176420976,0.19214742176420976,0.10901866932970083,0.38429484352841964,0.10901866932970103,0.31906937041037037,1,1.1102230246251565e-16,1.942890293094024e-16,0.0
