repetition,gc_low_edge,gc_high_edge,cs_low_edge,cs_high_edge,gc_order_retained,cs_reverse_retained,both_retained
0,0.41025551022697115,0.27141664632288354,0.11724026125544508,0.07442896257865372,0,1,0
1,0.40875784283313976,0.26120653031334484,0.11675548925973538,0.07140221784379276,0,1,0
2,0.2937760998867347,0.18778358356474456,0.0811183694434763,0.05014405080170311,0,1,0
3,0.32348114420127416,0.23754072522717706,0.09000937190467298,0.06431540712751017,0,1,0
4,0.32745656441496607,0.22610919499214788,0.09076471117976699,0.06112691848448618,0,1,0
5,0.2979440899933863,0.2423351065628765,0.08212405539593698,0.06583722739199739,0,1,0
6,0.2478173325712305,0.16724952887742006,0.06744215236406706,0.04433901014923524,0,1,0
7,0.26319634880845655,0.1826913946437898,0.0717648839695591,0.048625613688440934,0,1,0
8,0.33988522235118523,0.26153634847408824,0.095120665694093,0.07150385627245495,0,1,0
9,0.34006591920303464,0.14953115439073272,0.09479422105223002,0.039195660969249535,0,1,0
10,0.43854192105843026,0.20060941995817316,0.1257492535577291,0.05377729632347092,0,1,0
11,0.29585570662369776,0.2299052393658627,0.08153489067259842,0.062231451929944434,0,1,0
12,0.2768771330056943,0.19380460026246737,0.0757802926129966,0.051846140858966015,0,1,0
13,0.403271727774019,0.21154709503444025,0.11502233735879355,0.05682825562740505,0,1,0
14,0.42443551737311935,0.268787215630109,0.12173688048756505,0.0736623905551213,0,1,0
15,0.27640959305730206,0.12483225412595544,0.07587239197434713,0.032638164183332576,0,1,0
16,0.23158367055954088,0.23500625014215615,0.06272640988324146,0.06363051927410218,1,0,0
17,0.34103169248020393,0.16409414106090736,0.09552608791204815,0.04347805307933342,0,1,0
18,0.2761615858911455,0.13138122554697418,0.07556453764611802,0.03442468016562954,0,1,0
19,0.24130943075805078,0.17553717721586182,0.06535887782322058,0.04655686932076926,0,1,0
20,0.3319454743907997,0.21926132071379456,0.09271391723501599,0.05911336913616219,0,1,0
21,0.25886882173963954,0.12739707517562238,0.07052486296406932,0.03331994004970325,0,1,0
22,0.26268865406431274,0.2566803533890152,0.07173299620714436,0.0699252750052117,0,1,0
23,0.22594216108628018,0.16041629260116252,0.06105994638639131,0.04245063146555752,0,1,0
24,0.3246546389950744,0.19265646930879043,0.0904733517463601,0.05149085956814896,0,1,0
25,0.2711666277617013,0.17188956847756032,0.07369674910585053,0.045662267404710306,0,1,0
26,0.2832773510524227,0.15417188521768566,0.07764868879474791,0.040711767772995136,0,1,0
27,0.3030878291902255,0.15979968375544473,0.08388974778330192,0.042203473449915846,0,1,0
28,0.2599192363623857,0.13699941589432996,0.07101985295240684,0.03593557035025908,0,1,0
29,0.427395145045363,0.24408049960799616,0.12264310109956703,0.0663369410955133,0,1,0
30,0.22322724895015966,0.1497801855251879,0.06014654257293038,0.039495319643609264,0,1,0
31,0.2254857539052253,0.19116203721328162,0.06095413690276648,0.0510374531023092,0,1,0
32,0.2847292243197401,0.15441796486691572,0.07833550525490311,0.04077774662607932,0,1,0
33,0.422766483443052,0.2822892778370658,0.1207976989824156,0.0776566104799755,0,1,0
34,0.31076257557835874,0.2270345302999175,0.08612067433510238,0.06125568382741712,0,1,0
35,0.406892321477077,0.2560021981375087,0.1161632920702654,0.0698514937304897,0,1,0
36,0.31157988692900673,0.18231445157249482,0.08645895135169636,0.04859602938075267,0,1,0
37,0.20174151948662455,0.16483395256839017,0.05402482722123582,0.04367015480746808,0,1,0
38,0.2739392953354205,0.2279746694363638,0.07518938098540137,0.061675044666056576,0,1,0
39,0.30250284844328235,0.17295938250898146,0.08359515142689135,0.045947857404729946,0,1,0
40,0.2954206431542872,0.20414313558393715,0.0815427873559562,0.05479914668893539,0,1,0
41,0.256739175573486,0.16353034780244258,0.06999995011492224,0.04322967517743011,0,1,0
42,0.2959016771813694,0.15318425042595862,0.08169015063686112,0.040423895848383705,0,1,0
43,0.28398808070445014,0.21861720292831777,0.0775827584273641,0.05894264592713925,0,1,0
44,0.21332129944509148,0.20393056978642932,0.057274028306681844,0.05474739402005493,0,1,0
45,0.2803720823653464,0.2536899832052484,0.07707645465849945,0.06917381987541012,0,1,0
46,0.3213240393076333,0.17635311660446362,0.08917863890674835,0.0468747604508819,0,1,0
47,0.3374748824629421,0.17787557267325838,0.09407302259590422,0.047271745874840315,0,1,0
48,0.2680078320722714,0.15190742529536294,0.07330332005049563,0.03988587780575154,0,1,0
49,0.3898810165419029,0.24286492113714786,0.110609094664199,0.06598776367650347,0,1,0
50,0.37813945318269404,0.18397382268524254,0.10687252629908649,0.04901717742142355,0,1,0
51,0.22077605629867492,0.11703700339836232,0.0595906172172169,0.03046341382787799,0,1,0
52,0.4177764670015556,0.23799544049921906,0.11940167477591584,0.06456865624561849,0,1,0
53,0.3460708566637294,0.23345203375758672,0.09559240831185062,0.06324743976818963,0,1,0
54,0.3542662150304423,0.27429004899387266,0.09960400761727317,0.07529905929136782,0,1,0
55,0.2828649031477042,0.24403420967814426,0.07782884498099722,0.06634678581445894,0,1,0
56,0.2780412144358735,0.17949578841925273,0.07632680280329324,0.04775008648171761,0,1,0
57,0.31951748801742497,0.15903846011361367,0.0888159224013716,0.0420607339982936,0,1,0
58,0.24415114200086663,0.1959101894336115,0.06639426128932158,0.05228753640651008,0,1,0
59,0.1976459886203621,0.13583880519470526,0.0529390985324544,0.0356469213283236,0,1,0
60,0.4863571726132072,0.31426339541422266,0.14193366364141263,0.08723521646202971,0,1,0
61,0.3266441831196545,0.2261038150939001,0.09078522820425565,0.06106814098361071,0,1,0
62,0.32347759886339134,0.18217087464883974,0.09013677697034889,0.048549548057917925,0,1,0
63,0.25303455388140605,0.1806340806919664,0.06900318082528498,0.0481180567858505,0,1,0
64,0.3132192902452715,0.19575704590522136,0.08691711208702672,0.05241195935585274,0,1,0
65,0.39872599248590035,0.26491612604183956,0.1133339198519567,0.07239830979013953,0,1,0
66,0.43811628930281543,0.23934133646354638,0.12615164642639734,0.06471778004743359,0,1,0
67,0.26967029808794507,0.14056427758600165,0.07374660546186278,0.036945252593490824,0,1,0
68,0.38323673033563566,0.30554677069374137,0.10858875753385107,0.08468251297643932,0,1,0
69,0.24254368581566865,0.14358700802169366,0.0659186176701847,0.03773939243321929,0,1,0
70,0.3003454531171741,0.18317662693168302,0.08290091145854186,0.04852444964777268,0,1,0
71,0.2945838388723132,0.19831433105097318,0.0813681421186722,0.05300084672320249,0,1,0
72,0.23303123180764374,0.1297146120622159,0.06314338644563297,0.033969195878358005,0,1,0
73,0.43055306697733897,0.3465822614591225,0.12352851538666076,0.09723284536398047,0,1,0
74,0.2813410014994666,0.17052235833026685,0.07699754833003353,0.04523505902212434,0,1,0
75,0.4399233609878195,0.30916818905989274,0.1261343511536197,0.08577005458058942,0,1,0
76,0.3172313749347424,0.14853074505382935,0.08810699537840737,0.039136261957824596,0,1,0
77,0.43335888937560796,0.23058166326418927,0.12388199062104477,0.062413839713155214,0,1,0
78,0.38507666634415116,0.24589334369289872,0.10924791085519935,0.06690617909096547,0,1,0
79,0.18509889879213404,0.1292865867330768,0.04936252884284876,0.03383632765590282,0,1,0
80,0.31629011640236726,0.17361040250144555,0.08786805382706589,0.046050435301956925,0,1,0
81,0.33064261547511364,0.18007335461847873,0.0916879468386745,0.04794942412465539,0,1,0
82,0.19983173363329598,0.16328875351442917,0.053563652706148705,0.04317188982296294,0,1,0
83,0.25447166401251664,0.19786832439247348,0.06935905548000357,0.05289681881267917,0,1,0
84,0.3686105101737951,0.2243242859806145,0.10408021058770074,0.060566702493175285,0,1,0
85,0.35780844503253206,0.29738552437441257,0.10072819387210973,0.08217019090055991,0,1,0
86,0.3615801117638142,0.24212969338348245,0.10181782968596448,0.06577650503827612,0,1,0
87,0.21703511150915844,0.1448553560667385,0.05842700550372096,0.038124471694582676,0,1,0
88,0.3066207901459137,0.17033507635802891,0.08421454475965166,0.04516520225668754,0,1,0
89,0.3088161921131345,0.16371598067393478,0.08562401926499369,0.04310524988438387,0,1,0
90,0.27357526135606847,0.23315748573642026,0.07508633761578308,0.06316275028400443,0,1,0
91,0.26617549139324126,0.2096345571613547,0.07263909008193495,0.0563707643714678,0,1,0
92,0.17462628321768392,0.1303884306147225,0.046334456728996914,0.03414042775872468,0,1,0
93,0.28046867636011186,0.1696277947209346,0.07710338017704967,0.044885593163462675,0,1,0
94,0.2838078357741516,0.23720804751061308,0.07809897802430942,0.0643326123515438,0,1,0
95,0.35302768261112405,0.22751598351988278,0.09900897939112502,0.061543311822454094,0,1,0
96,0.3197464324307937,0.14502305887428335,0.08870383590291439,0.03811249566418976,0,1,0
97,0.37736795294561887,0.23868648032681605,0.10678859034943015,0.06473058930311573,0,1,0
98,0.2265641731466559,0.16973345018192987,0.06102800824230198,0.045042642290604236,0,1,0
99,0.38837108138771725,0.22857222107014508,0.11021040622200087,0.061704831492691146,0,1,0
100,0.268108961283275,0.2063698045405431,0.07346023587216019,0.05544357757233988,0,1,0
101,0.29260659341144546,0.12177043587428216,0.08066710937779574,0.03174866375760342,0,1,0
102,0.2538069726255259,0.16679796698428717,0.06908152087622765,0.04422801062721683,0,1,0
103,0.19973957646667984,0.10028460931823346,0.05328231121056088,0.025938646240889644,0,1,0
104,0.3052828320098371,0.21760808756337013,0.0845894539277488,0.058670669377002334,0,1,0
105,0.2909713219220933,0.22674661698534493,0.08027455563762176,0.061254656845674646,0,1,0
106,0.29985009466394175,0.21425746077665764,0.08252827624637397,0.05771252397293599,0,1,0
107,0.27860072894838694,0.142075238228081,0.07632026063310038,0.0373647488470424,0,1,0
108,0.35373014471957376,0.1901678434854901,0.09926435789635206,0.05075707050319771,0,1,0
109,0.24227714859559768,0.2094631494766226,0.06570901522466921,0.056324253841105086,0,1,0
110,0.34985875422094637,0.1792045106720721,0.09796240362475779,0.04761500289129461,0,1,0
111,0.35692671410865273,0.21788148383355832,0.10011709364664863,0.05872515935848136,0,1,0
112,0.28811631626916423,0.20376611953678747,0.07943145405538611,0.05467591612355917,0,1,0
113,0.34271276635011105,0.2198814908930018,0.09599405536613362,0.059224930147074535,0,1,0
114,0.35972395911496235,0.2247306208884332,0.10124384425962073,0.060727699238029335,0,1,0
115,0.2798518292645795,0.1968364826748541,0.0768934120492887,0.05271813307649723,0,1,0
116,0.29567746799701666,0.20950558123480434,0.08137782289300954,0.05617243031202365,0,1,0
117,0.4215007400809512,0.19411852646311445,0.12079526167701853,0.05194161726685223,0,1,0
118,0.42849558962058154,0.32290261269231024,0.12305846562608574,0.0898720346296076,0,1,0
119,0.3678105503774951,0.17087300385101756,0.10283125119822571,0.045375284334076345,0,1,0
120,0.2331147602670356,0.18775730900070187,0.06299837434873273,0.050125356964839614,0,1,0
121,0.23682675824353794,0.14699928720366273,0.06403128643666933,0.038706250941833574,0,1,0
122,0.3777456623867259,0.2759369828177398,0.10590057466145367,0.0757748609000253,0,1,0
123,0.345096213065073,0.21870314261201784,0.09613892213633428,0.058934164512399,0,1,0
124,0.28806732327510787,0.1489142053506498,0.07929465595673098,0.03923242943786136,0,1,0
125,0.22778080601619877,0.15089371619982472,0.061600313553686704,0.03980213581025938,0,1,0
126,0.35259373239309255,0.16055633153310822,0.09871060900581179,0.0424211344197665,0,1,0
127,0.26176143379307604,0.16867994555316912,0.07137816231529573,0.04473296950788478,0,1,0
128,0.2490421409125254,0.1822457343248729,0.06782978019732132,0.048469483436995545,0,1,0
129,0.4783222602152293,0.3387856121173378,0.13875890552602757,0.0948046067423082,0,1,0
130,0.13688063061372446,0.18916798422293724,0.035933702829700535,0.05049674350114142,1,0,0
131,0.3443874657295467,0.19565653259157045,0.09654751825432337,0.0523171193953907,0,1,0
132,0.22342033683168339,0.14142654094355223,0.06035419420070623,0.037156244204114106,0,1,0
133,0.37820789477312644,0.24644170690116596,0.10699809162539846,0.06706737625909971,0,1,0
134,0.25438448185610696,0.21951534129232186,0.06929713810838582,0.059201582160296945,0,1,0
135,0.28735883131655626,0.1241322269752203,0.07889232770814646,0.03237155367865492,0,1,0
136,0.19421933339723196,0.18090045203121718,0.05193126649616181,0.04819837047206986,0,1,0
137,0.2307189563324954,0.16277530342184576,0.0624322602625369,0.04309467114188731,0,1,0
138,0.30580437255176207,0.22038596087399753,0.08466285583471084,0.0594173750324636,0,1,0
139,0.21933760114908551,0.19421500177246998,0.059150335587004985,0.051952799115432324,0,1,0
140,0.3161593704350132,0.19110835327217046,0.08789160570306888,0.05105598833449211,0,1,0
141,0.28900164769409287,0.13319572226973975,0.0796977152538268,0.03492326479241197,0,1,0
142,0.19102062091190675,0.19553817265709483,0.05090860522229874,0.052265987500210956,1,0,0
143,0.14300884697845362,0.12987042135988247,0.03760727187115756,0.03395122047595605,0,1,0
144,0.29003577086240284,0.23413688786786935,0.07918314796076596,0.06344443853342588,0,1,0
145,0.30139684201072114,0.1902872116811949,0.08343035695923427,0.05079262492490278,0,1,0
146,0.32448745241517685,0.20485290205822082,0.08966547380189349,0.05489281996500368,0,1,0
147,0.3245628954496844,0.1823446468197254,0.09042618153718625,0.048606786423427445,0,1,0
148,0.2891898457394788,0.1460396520216669,0.0797170048345606,0.03843567684958278,0,1,0
149,0.24099172908688615,0.13686860214287577,0.06540216593449227,0.035933003262532556,0,1,0
150,0.2955907636833395,0.18020150094590548,0.08157978581516506,0.04785067206692517,0,1,0
151,0.20805354912821272,0.12041417711424884,0.05587542135682366,0.03142812886823658,0,1,0
152,0.2985092964779703,0.22051497687921184,0.08254562643965026,0.059516806075983926,0,1,0
153,0.2977646108274108,0.26689143356125555,0.08211553235985544,0.07301069623922857,0,1,0
154,0.3831949319717616,0.21852353046505257,0.10824787984861327,0.0587716527575776,0,1,0
155,0.33547333885208985,0.18081140446454214,0.09374329174240777,0.048169519395424465,0,1,0
156,0.3149259332889187,0.27531043256757926,0.08718777027232137,0.07560133439801706,0,1,0
157,0.364422855543971,0.19573380192029788,0.10278779511909503,0.05233607500020993,0,1,0
158,0.3244223598976461,0.14165866946174432,0.09037395642124765,0.03719767399702336,0,1,0
159,0.2906909835753666,0.21795199016179723,0.08013858331347119,0.058776568386824074,0,1,0
160,0.2807747486614538,0.1911857551979672,0.07722769295493029,0.05109998115480119,0,1,0
161,0.47380175955240844,0.24308007921375108,0.13780593251895099,0.06607522355707297,0,1,0
162,0.3051872680638681,0.1919273613000314,0.08410556142207481,0.05132285845006085,0,1,0
163,0.3005505521766807,0.15997154133637181,0.08295777775432436,0.0423223645114392,0,1,0
164,0.2892810939795325,0.14499649264402592,0.07978139463340672,0.03814606160877656,0,1,0
165,0.21342791119109705,0.20509605413876386,0.057455183306824614,0.05507485125026376,0,1,0
166,0.30932767911827597,0.18015956921489362,0.0856826968702233,0.04783459625926912,0,1,0
167,0.2620165387223601,0.1557668605730882,0.07112744146881926,0.0411204630860686,0,1,0
168,0.3201295263510602,0.10515015815881057,0.08873611166316861,0.02729233067686478,0,1,0
169,0.19936805360500642,0.12553660620798013,0.05339092256443529,0.03260069387221107,0,1,0
170,0.31279365102958323,0.20827771749253898,0.08687356918742047,0.05597869962571034,0,1,0
171,0.4192854935289887,0.2508598016585708,0.119965811508563,0.06836503375228906,0,1,0
172,0.2820890390392421,0.1569892382560738,0.0775725550509357,0.041489020766922256,0,1,0
173,0.30426990928111053,0.20379014942747986,0.08429794410326104,0.054699424093338805,0,1,0
174,0.2709904773048848,0.21155135576677253,0.07364852622848114,0.056926858971673586,0,1,0
175,0.17455936423708351,0.1312736428740564,0.0463777795029923,0.03439427641533627,0,1,0
176,0.4630459380159273,0.3543909438246473,0.13422429960640497,0.09966525137775384,0,1,0
177,0.3061315266669915,0.22663456159913054,0.084706916587668,0.061289949922371224,0,1,0
178,0.34408135242073,0.18601839202361958,0.09593573719937665,0.04955573950083309,0,1,0
179,0.18712887170278591,0.10166783870961282,0.049651544526222974,0.02636942587260592,0,1,0
180,0.3127371072438976,0.14363855674354298,0.08685459745024375,0.03778734222995777,0,1,0
181,0.3071710305806974,0.17502507600426753,0.08516277332631635,0.0465418105859493,0,1,0
182,0.2658685626027264,0.14611102584395752,0.07279539327089361,0.038331807891853434,0,1,0
183,0.21204881990205138,0.16557811700184288,0.05705393498454691,0.04365713595049971,0,1,0
184,0.32389670028263495,0.22100990228136652,0.08981466259608566,0.05956682155341616,0,1,0
185,0.3282017428965389,0.1820419357323857,0.09133310304076447,0.04850859001047588,0,1,0
186,0.5097031409567734,0.2862380462128442,0.1495021459788599,0.0788139083233491,0,1,0
187,0.3282877046784023,0.2182444434617956,0.09150991549902554,0.058851072947653384,0,1,0
188,0.3497956209567832,0.19145610956076808,0.09785034101906095,0.05114867990321349,0,1,0
189,0.2030619107854612,0.20787391554168977,0.054407516188711424,0.05586753259535759,1,0,0
190,0.33390565014503437,0.22856955580963145,0.09327138486478206,0.06156443153766019,0,1,0
191,0.1530901799554769,0.10886180543135993,0.04032423917395758,0.028266132955076066,0,1,0
192,0.32100278073550825,0.24324114182682877,0.08896593838305586,0.06611928933250846,0,1,0
193,0.2694133551171056,0.18006715108137783,0.0734539647007567,0.04790034763332557,0,1,0
194,0.24626576979488846,0.21373126611596405,0.06680119454056482,0.05743539755491452,0,1,0
195,0.38942077818704846,0.24147360280390373,0.1105927097168114,0.06560394267019391,0,1,0
196,0.25420974918309724,0.21991000306751118,0.06927319330061427,0.059337941150836036,0,1,0
197,0.23131802088822795,0.1828373820222744,0.0625727632423449,0.04873138289499609,0,1,0
198,0.19911146026404225,0.12789733081376653,0.05318091935031111,0.03345976625284792,0,1,0
199,0.23349995216500474,0.2258922660673548,0.0632807369631575,0.060957362103939414,0,1,0
