experiment_kind,model,dimension,component_te_spec,sample_size,source_scale,eta,bandwidth_orientation,replicates,sample_gc_mean,sample_gc_sd,sample_te_mean,sample_te_sd,sample_canonical_cs_mean,sample_canonical_cs_sd,kde_cs_mean,kde_cs_sd,theory_gc,theory_te,theory_cs,max_abs_gc_canonical_error
block-rescaling,scalar_scale_test,1,0.75,512,0.1,0.05,official-featurewise,1,1.3478819839516978,0.0,0.6739409919758489,0.0,0.4693093816930131,0.0,1.58273603645398e-06,0.0,1.5,0.75,0.5340586256787394,2.220446049250313e-15
block-rescaling,scalar_scale_test,1,0.75,512,0.1,0.05,samplewise,1,1.3478819839516978,0.0,0.6739409919758489,0.0,0.4693093816930131,0.0,0.03461846447233441,0.0,1.5,0.75,0.5340586256787394,2.220446049250313e-15
block-rescaling,scalar_scale_test,1,0.75,512,1.0,0.05,official-featurewise,1,1.3478819839516982,0.0,0.6739409919758491,0.0,0.46930938169301273,0.0,0.004125287997336358,0.0,1.5,0.75,0.5340586256787394,8.881784197001252e-16
block-rescaling,scalar_scale_test,1,0.75,512,1.0,0.05,samplewise,1,1.3478819839516982,0.0,0.6739409919758491,0.0,0.46930938169301273,0.0,0.25477222389069354,0.0,1.5,0.75,0.5340586256787394,8.881784197001252e-16
block-rescaling,scalar_scale_test,1,0.75,512,10.0,0.05,official-featurewise,1,1.347881983951698,0.0,0.673940991975849,0.0,0.46930938169301273,0.0,0.0009999565792107035,0.0,1.5,0.75,0.5340586256787394,1.1102230246251565e-15
block-rescaling,scalar_scale_test,1,0.75,512,10.0,0.05,samplewise,1,1.347881983951698,0.0,0.673940991975849,0.0,0.46930938169301273,0.0,0.2529827339219395,0.0,1.5,0.75,0.5340586256787394,1.1102230246251565e-15
main,concentrated,2,1.0;0.0,1024,1.0,0.02,official-featurewise,5,2.0158647317272065,0.07919327252985398,1.0079323658636032,0.03959663626492699,0.7635127305214586,0.03590752781873185,0.01608256002282573,0.0009932892419801994,2.0,1.0,0.7564417556472544,2.3092638912203256e-14
main,concentrated,2,1.0;0.0,1024,1.0,0.02,samplewise,5,2.0158647317272065,0.07919327252985398,1.0079323658636032,0.03959663626492699,0.7635127305214586,0.03590752781873185,0.18354077242899702,0.017347712161203826,2.0,1.0,0.7564417556472544,2.3092638912203256e-14
main,concentrated,2,1.0;0.0,1024,1.0,0.05,official-featurewise,5,2.0158647317272065,0.07919327252985398,1.0079323658636032,0.03959663626492699,0.7635127305214586,0.03590752781873185,0.0006583475277075479,4.16435364729543e-05,2.0,1.0,0.7564417556472544,2.3092638912203256e-14
main,concentrated,2,1.0;0.0,1024,1.0,0.05,samplewise,5,2.0158647317272065,0.07919327252985398,1.0079323658636032,0.03959663626492699,0.7635127305214586,0.03590752781873185,0.20141550314703788,0.013005816473201088,2.0,1.0,0.7564417556472544,2.3092638912203256e-14
main,concentrated,2,1.0;0.0,1024,1.0,0.2,official-featurewise,5,2.0158647317272065,0.07919327252985398,1.0079323658636032,0.03959663626492699,0.7635127305214586,0.03590752781873185,8.802062367863073e-08,1.049992545640611e-08,2.0,1.0,0.7564417556472544,2.3092638912203256e-14
main,concentrated,2,1.0;0.0,1024,1.0,0.2,samplewise,5,2.0158647317272065,0.07919327252985398,1.0079323658636032,0.03959663626492699,0.7635127305214586,0.03590752781873185,0.06366361191728132,0.0014423059264580466,2.0,1.0,0.7564417556472544,2.3092638912203256e-14
main,concentrated,2,1.0;0.0,256,1.0,0.02,official-featurewise,5,1.9571831108859192,0.06287094621297044,0.9785915554429596,0.03143547310648522,0.7366722509568377,0.0283594096732302,0.14313656435971395,0.013931910698451842,2.0,1.0,0.7564417556472544,1.865174681370263e-14
main,concentrated,2,1.0;0.0,256,1.0,0.02,samplewise,5,1.9571831108859192,0.06287094621297044,0.9785915554429596,0.03143547310648522,0.7366722509568377,0.0283594096732302,0.08966975401791402,0.008829038720594404,2.0,1.0,0.7564417556472544,1.865174681370263e-14
main,concentrated,2,1.0;0.0,256,1.0,0.05,official-featurewise,5,1.9571831108859192,0.06287094621297044,0.9785915554429596,0.03143547310648522,0.7366722509568377,0.0283594096732302,0.010512454100267377,0.0027813444789394253,2.0,1.0,0.7564417556472544,1.865174681370263e-14
main,concentrated,2,1.0;0.0,256,1.0,0.05,samplewise,5,1.9571831108859192,0.06287094621297044,0.9785915554429596,0.03143547310648522,0.7366722509568377,0.0283594096732302,0.19671135566866677,0.024400659654201257,2.0,1.0,0.7564417556472544,1.865174681370263e-14
main,concentrated,2,1.0;0.0,256,1.0,0.2,official-featurewise,5,1.9571831108859192,0.06287094621297044,0.9785915554429596,0.03143547310648522,0.7366722509568377,0.0283594096732302,1.2257594425335583e-05,2.1316020463985447e-06,2.0,1.0,0.7564417556472544,1.865174681370263e-14
main,concentrated,2,1.0;0.0,256,1.0,0.2,samplewise,5,1.9571831108859192,0.06287094621297044,0.9785915554429596,0.03143547310648522,0.7366722509568377,0.0283594096732302,0.10560497453704194,0.010116891455962878,2.0,1.0,0.7564417556472544,1.865174681370263e-14
main,concentrated,2,1.0;0.0,512,1.0,0.02,official-featurewise,5,1.951866020196703,0.056510757098865466,0.9759330100983515,0.028255378549432733,0.7342028404389954,0.025681454527476683,0.04501029159668626,0.0050628246716925,2.0,1.0,0.7564417556472544,1.7985612998927536e-14
main,concentrated,2,1.0;0.0,512,1.0,0.02,samplewise,5,1.951866020196703,0.056510757098865466,0.9759330100983515,0.028255378549432733,0.7342028404389954,0.025681454527476683,0.13721888037795846,0.023237400056049132,2.0,1.0,0.7564417556472544,1.7985612998927536e-14
main,concentrated,2,1.0;0.0,512,1.0,0.05,official-featurewise,5,1.951866020196703,0.056510757098865466,0.9759330100983515,0.028255378549432733,0.7342028404389954,0.025681454527476683,0.0025904747603640033,0.0001754941056239007,2.0,1.0,0.7564417556472544,1.7985612998927536e-14
main,concentrated,2,1.0;0.0,512,1.0,0.05,samplewise,5,1.951866020196703,0.056510757098865466,0.9759330100983515,0.028255378549432733,0.7342028404389954,0.025681454527476683,0.21468901528196635,0.03324458829952626,2.0,1.0,0.7564417556472544,1.7985612998927536e-14
main,concentrated,2,1.0;0.0,512,1.0,0.2,official-featurewise,5,1.951866020196703,0.056510757098865466,0.9759330100983515,0.028255378549432733,0.7342028404389954,0.025681454527476683,1.0671837259224048e-06,1.2958427782769148e-07,2.0,1.0,0.7564417556472544,1.7985612998927536e-14
main,concentrated,2,1.0;0.0,512,1.0,0.2,samplewise,5,1.951866020196703,0.056510757098865466,0.9759330100983515,0.028255378549432733,0.7342028404389954,0.025681454527476683,0.08058498517455348,0.007685648078992262,2.0,1.0,0.7564417556472544,1.7985612998927536e-14
main,equal_gc_spread,2,0.5;0.5,1024,1.0,0.02,official-featurewise,5,1.9680964776708503,0.04478060965894666,0.9840482388354251,0.02239030482947333,0.6440142716869831,0.017479371574436013,0.059627151962086344,0.004826777594737538,2.0,1.0,0.6559778784857395,1.687538997430238e-14
main,equal_gc_spread,2,0.5;0.5,1024,1.0,0.02,samplewise,5,1.9680964776708503,0.04478060965894666,0.9840482388354251,0.02239030482947333,0.6440142716869831,0.017479371574436013,0.16984582363749326,0.014128646226490744,2.0,1.0,0.6559778784857395,1.687538997430238e-14
main,equal_gc_spread,2,0.5;0.5,1024,1.0,0.05,official-featurewise,5,1.9680964776708503,0.04478060965894666,0.9840482388354251,0.02239030482947333,0.6440142716869831,0.017479371574436013,0.0025916672595485577,0.00020678666920714405,2.0,1.0,0.6559778784857395,1.687538997430238e-14
main,equal_gc_spread,2,0.5;0.5,1024,1.0,0.05,samplewise,5,1.9680964776708503,0.04478060965894666,0.9840482388354251,0.02239030482947333,0.6440142716869831,0.017479371574436013,0.22451299556851598,0.010481791705263086,2.0,1.0,0.6559778784857395,1.687538997430238e-14
main,equal_gc_spread,2,0.5;0.5,1024,1.0,0.2,official-featurewise,5,1.9680964776708503,0.04478060965894666,0.9840482388354251,0.02239030482947333,0.6440142716869831,0.017479371574436013,3.386445236230884e-07,1.14355462800857e-08,2.0,1.0,0.6559778784857395,1.687538997430238e-14
main,equal_gc_spread,2,0.5;0.5,1024,1.0,0.2,samplewise,5,1.9680964776708503,0.04478060965894666,0.9840482388354251,0.02239030482947333,0.6440142716869831,0.017479371574436013,0.12037340773750849,0.00661820395691592,2.0,1.0,0.6559778784857395,1.687538997430238e-14
main,equal_gc_spread,2,0.5;0.5,256,1.0,0.02,official-featurewise,5,1.983641318841601,0.0990292928171977,0.9918206594208006,0.04951464640859885,0.6506154502223255,0.038609479733574585,0.19232249363484827,0.020529803139673227,2.0,1.0,0.6559778784857395,3.774758283725532e-15
main,equal_gc_spread,2,0.5;0.5,256,1.0,0.02,samplewise,5,1.983641318841601,0.0990292928171977,0.9918206594208006,0.04951464640859885,0.6506154502223255,0.038609479733574585,0.09321117330947519,0.01995169990767712,2.0,1.0,0.6559778784857395,3.774758283725532e-15
main,equal_gc_spread,2,0.5;0.5,256,1.0,0.05,official-featurewise,5,1.983641318841601,0.0990292928171977,0.9918206594208006,0.04951464640859885,0.6506154502223255,0.038609479733574585,0.03802436533325846,0.0031035627400342624,2.0,1.0,0.6559778784857395,3.774758283725532e-15
main,equal_gc_spread,2,0.5;0.5,256,1.0,0.05,samplewise,5,1.983641318841601,0.0990292928171977,0.9918206594208006,0.04951464640859885,0.6506154502223255,0.038609479733574585,0.218594987457508,0.03200907480284207,2.0,1.0,0.6559778784857395,3.774758283725532e-15
main,equal_gc_spread,2,0.5;0.5,256,1.0,0.2,official-featurewise,5,1.983641318841601,0.0990292928171977,0.9918206594208006,0.04951464640859885,0.6506154502223255,0.038609479733574585,4.1521871082750295e-05,5.078448756977844e-06,2.0,1.0,0.6559778784857395,3.774758283725532e-15
main,equal_gc_spread,2,0.5;0.5,256,1.0,0.2,samplewise,5,1.983641318841601,0.0990292928171977,0.9918206594208006,0.04951464640859885,0.6506154502223255,0.038609479733574585,0.15551904085446006,0.012542576650677668,2.0,1.0,0.6559778784857395,3.774758283725532e-15
main,equal_gc_spread,2,0.5;0.5,512,1.0,0.02,official-featurewise,5,1.9526947957287217,0.08198932448153849,0.9763473978643609,0.040994662240769246,0.6382306252889984,0.032094091756140385,0.14488524014837872,0.018156346495970456,2.0,1.0,0.6559778784857395,6.8833827526759706e-15
main,equal_gc_spread,2,0.5;0.5,512,1.0,0.02,samplewise,5,1.9526947957287217,0.08198932448153849,0.9763473978643609,0.040994662240769246,0.6382306252889984,0.032094091756140385,0.13774829522252965,0.016780986115330857,2.0,1.0,0.6559778784857395,6.8833827526759706e-15
main,equal_gc_spread,2,0.5;0.5,512,1.0,0.05,official-featurewise,5,1.9526947957287217,0.08198932448153849,0.9763473978643609,0.040994662240769246,0.6382306252889984,0.032094091756140385,0.010201930780914381,0.0012751896399412627,2.0,1.0,0.6559778784857395,6.8833827526759706e-15
main,equal_gc_spread,2,0.5;0.5,512,1.0,0.05,samplewise,5,1.9526947957287217,0.08198932448153849,0.9763473978643609,0.040994662240769246,0.6382306252889984,0.032094091756140385,0.23201558560925975,0.02630714960449732,2.0,1.0,0.6559778784857395,6.8833827526759706e-15
main,equal_gc_spread,2,0.5;0.5,512,1.0,0.2,official-featurewise,5,1.9526947957287217,0.08198932448153849,0.9763473978643609,0.040994662240769246,0.6382306252889984,0.032094091756140385,3.7829575902037505e-06,2.5860967294546933e-07,2.0,1.0,0.6559778784857395,6.8833827526759706e-15
main,equal_gc_spread,2,0.5;0.5,512,1.0,0.2,samplewise,5,1.9526947957287217,0.08198932448153849,0.9763473978643609,0.040994662240769246,0.6382306252889984,0.032094091756140385,0.13341268420161115,0.014084647677436586,2.0,1.0,0.6559778784857395,6.8833827526759706e-15
main,larger_gc_spread,2,0.55;0.55,1024,1.0,0.02,official-featurewise,5,2.1690824732259966,0.04607558501108349,1.0845412366129983,0.023037792505541745,0.7231949720331334,0.018423436427012684,0.05745262368221944,0.004829346002707576,2.2,1.1,0.7350795173984352,1.7319479184152442e-14
main,larger_gc_spread,2,0.55;0.55,1024,1.0,0.02,samplewise,5,2.1690824732259966,0.04607558501108349,1.0845412366129983,0.023037792505541745,0.7231949720331334,0.018423436427012684,0.1677198806449242,0.013701548735816525,2.2,1.1,0.7350795173984352,1.7319479184152442e-14
main,larger_gc_spread,2,0.55;0.55,1024,1.0,0.05,official-featurewise,5,2.1690824732259966,0.04607558501108349,1.0845412366129983,0.023037792505541745,0.7231949720331334,0.018423436427012684,0.0025118695457287286,0.00019988724482503578,2.2,1.1,0.7350795173984352,1.7319479184152442e-14
main,larger_gc_spread,2,0.55;0.55,1024,1.0,0.05,samplewise,5,2.1690824732259966,0.04607558501108349,1.0845412366129983,0.023037792505541745,0.7231949720331334,0.018423436427012684,0.2262712111812423,0.015218612572506047,2.2,1.1,0.7350795173984352,1.7319479184152442e-14
main,larger_gc_spread,2,0.55;0.55,1024,1.0,0.2,official-featurewise,5,2.1690824732259966,0.04607558501108349,1.0845412366129983,0.023037792505541745,0.7231949720331334,0.018423436427012684,3.3154700602722186e-07,1.3178162643314452e-08,2.2,1.1,0.7350795173984352,1.7319479184152442e-14
main,larger_gc_spread,2,0.55;0.55,1024,1.0,0.2,samplewise,5,2.1690824732259966,0.04607558501108349,1.0845412366129983,0.023037792505541745,0.7231949720331334,0.018423436427012684,0.11556312021909285,0.006668656204139081,2.2,1.1,0.7350795173984352,1.7319479184152442e-14
main,larger_gc_spread,2,0.55;0.55,256,1.0,0.02,official-featurewise,5,2.1834182665723016,0.10249123466406349,1.0917091332861508,0.05124561733203174,0.7294684508224555,0.0408892472239309,0.1882747501413217,0.02292666998873772,2.2,1.1,0.7350795173984352,5.329070518200751e-15
main,larger_gc_spread,2,0.55;0.55,256,1.0,0.02,samplewise,5,2.1834182665723016,0.10249123466406349,1.0917091332861508,0.05124561733203174,0.7294684508224555,0.0408892472239309,0.07810915282190312,0.010013662198356236,2.2,1.1,0.7350795173984352,5.329070518200751e-15
main,larger_gc_spread,2,0.55;0.55,256,1.0,0.05,official-featurewise,5,2.1834182665723016,0.10249123466406349,1.0917091332861508,0.05124561733203174,0.7294684508224555,0.0408892472239309,0.03679938146532642,0.002915232751698171,2.2,1.1,0.7350795173984352,5.329070518200751e-15
main,larger_gc_spread,2,0.55;0.55,256,1.0,0.05,samplewise,5,2.1834182665723016,0.10249123466406349,1.0917091332861508,0.05124561733203174,0.7294684508224555,0.0408892472239309,0.22087162833298687,0.03222186509010076,2.2,1.1,0.7350795173984352,5.329070518200751e-15
main,larger_gc_spread,2,0.55;0.55,256,1.0,0.2,official-featurewise,5,2.1834182665723016,0.10249123466406349,1.0917091332861508,0.05124561733203174,0.7294684508224555,0.0408892472239309,4.073983262600223e-05,5.023030017390748e-06,2.2,1.1,0.7350795173984352,5.329070518200751e-15
main,larger_gc_spread,2,0.55;0.55,256,1.0,0.2,samplewise,5,2.1834182665723016,0.10249123466406349,1.0917091332861508,0.05124561733203174,0.7294684508224555,0.0408892472239309,0.1477264734447786,0.011465794400360689,2.2,1.1,0.7350795173984352,5.329070518200751e-15
main,larger_gc_spread,2,0.55;0.55,512,1.0,0.02,official-featurewise,5,2.1510440775349164,0.08665902104139617,1.0755220387674582,0.043329510520698084,0.716225972264462,0.0347050541326182,0.14060085208424516,0.01756026489587152,2.2,1.1,0.7350795173984352,5.773159728050814e-15
main,larger_gc_spread,2,0.55;0.55,512,1.0,0.02,samplewise,5,2.1510440775349164,0.08665902104139617,1.0755220387674582,0.043329510520698084,0.716225972264462,0.0347050541326182,0.12353604404556454,0.01550082299582789,2.2,1.1,0.7350795173984352,5.773159728050814e-15
main,larger_gc_spread,2,0.55;0.55,512,1.0,0.05,official-featurewise,5,2.1510440775349164,0.08665902104139617,1.0755220387674582,0.043329510520698084,0.716225972264462,0.0347050541326182,0.009871913504434105,0.0012269998457969085,2.2,1.1,0.7350795173984352,5.773159728050814e-15
main,larger_gc_spread,2,0.55;0.55,512,1.0,0.05,samplewise,5,2.1510440775349164,0.08665902104139617,1.0755220387674582,0.043329510520698084,0.716225972264462,0.0347050541326182,0.22257153497610743,0.028944562529091448,2.2,1.1,0.7350795173984352,5.773159728050814e-15
main,larger_gc_spread,2,0.55;0.55,512,1.0,0.2,official-featurewise,5,2.1510440775349164,0.08665902104139617,1.0755220387674582,0.043329510520698084,0.716225972264462,0.0347050541326182,3.725535267307123e-06,2.5630438179123444e-07,2.2,1.1,0.7350795173984352,5.773159728050814e-15
main,larger_gc_spread,2,0.55;0.55,512,1.0,0.2,samplewise,5,2.1510440775349164,0.08665902104139617,1.0755220387674582,0.043329510520698084,0.716225972264462,0.0347050541326182,0.12794867151960573,0.013705368917980566,2.2,1.1,0.7350795173984352,5.773159728050814e-15
main,scalar_te_0.05,1,0.05,1024,1.0,0.02,official-featurewise,5,0.10042597999165674,0.01907834123225257,0.05021298999582837,0.009539170616126285,0.02606203752373803,0.0051050338018946125,0.009305744797340764,0.0021758871628306227,0.1,0.05,0.02592178699925464,1.4016565685892601e-15
main,scalar_te_0.05,1,0.05,1024,1.0,0.02,samplewise,5,0.10042597999165674,0.01907834123225257,0.05021298999582837,0.009539170616126285,0.02606203752373803,0.0051050338018946125,0.24122652352420176,0.02256160024247422,0.1,0.05,0.02592178699925464,1.4016565685892601e-15
main,scalar_te_0.05,1,0.05,1024,1.0,0.05,official-featurewise,5,0.10042597999165674,0.01907834123225257,0.05021298999582837,0.009539170616126285,0.02606203752373803,0.0051050338018946125,0.0003662308337339937,7.250021634519636e-05,0.1,0.05,0.02592178699925464,1.4016565685892601e-15
main,scalar_te_0.05,1,0.05,1024,1.0,0.05,samplewise,5,0.10042597999165674,0.01907834123225257,0.05021298999582837,0.009539170616126285,0.02606203752373803,0.0051050338018946125,0.24605111822518352,0.014617834274281963,0.1,0.05,0.02592178699925464,1.4016565685892601e-15
main,scalar_te_0.05,1,0.05,1024,1.0,0.2,official-featurewise,5,0.10042597999165674,0.01907834123225257,0.05021298999582837,0.009539170616126285,0.02606203752373803,0.0051050338018946125,3.2128237847928176e-08,7.264748225432441e-09,0.1,0.05,0.02592178699925464,1.4016565685892601e-15
main,scalar_te_0.05,1,0.05,1024,1.0,0.2,samplewise,5,0.10042597999165674,0.01907834123225257,0.05021298999582837,0.009539170616126285,0.02606203752373803,0.0051050338018946125,0.030239118293046374,0.006052629003209902,0.1,0.05,0.02592178699925464,1.4016565685892601e-15
main,scalar_te_0.05,1,0.05,256,1.0,0.02,official-featurewise,5,0.0995807025170387,0.034000271478246656,0.04979035125851935,0.017000135739123328,0.02589161371738153,0.009126607514232912,0.047327249441908845,0.0062405139189527295,0.1,0.05,0.02592178699925464,8.604228440844963e-16
main,scalar_te_0.05,1,0.05,256,1.0,0.02,samplewise,5,0.0995807025170387,0.034000271478246656,0.04979035125851935,0.017000135739123328,0.02589161371738153,0.009126607514232912,0.18866291872016774,0.02284139050374877,0.1,0.05,0.02592178699925464,8.604228440844963e-16
main,scalar_te_0.05,1,0.05,256,1.0,0.05,official-featurewise,5,0.0995807025170387,0.034000271478246656,0.04979035125851935,0.017000135739123328,0.02589161371738153,0.009126607514232912,0.004903792152023101,0.0021866269403309087,0.1,0.05,0.02592178699925464,8.604228440844963e-16
main,scalar_te_0.05,1,0.05,256,1.0,0.05,samplewise,5,0.0995807025170387,0.034000271478246656,0.04979035125851935,0.017000135739123328,0.02589161371738153,0.009126607514232912,0.23587788710704755,0.022317292601514504,0.1,0.05,0.02592178699925464,8.604228440844963e-16
main,scalar_te_0.05,1,0.05,256,1.0,0.2,official-featurewise,5,0.0995807025170387,0.034000271478246656,0.04979035125851935,0.017000135739123328,0.02589161371738153,0.009126607514232912,4.964999014589466e-06,6.582336842759964e-07,0.1,0.05,0.02592178699925464,8.604228440844963e-16
main,scalar_te_0.05,1,0.05,256,1.0,0.2,samplewise,5,0.0995807025170387,0.034000271478246656,0.04979035125851935,0.017000135739123328,0.02589161371738153,0.009126607514232912,0.052127160636773695,0.00722751036176731,0.1,0.05,0.02592178699925464,8.604228440844963e-16
main,scalar_te_0.05,1,0.05,512,1.0,0.02,official-featurewise,5,0.08991143239627597,0.03573162141054632,0.044955716198137985,0.01786581070527316,0.023315616284155134,0.009544112738629228,0.01711711704306538,0.004058770164471161,0.1,0.05,0.02592178699925464,9.853229343548264e-16
main,scalar_te_0.05,1,0.05,512,1.0,0.02,samplewise,5,0.08991143239627597,0.03573162141054632,0.044955716198137985,0.01786581070527316,0.023315616284155134,0.009544112738629228,0.2152190097979357,0.03916032594006134,0.1,0.05,0.02592178699925464,9.853229343548264e-16
main,scalar_te_0.05,1,0.05,512,1.0,0.05,official-featurewise,5,0.08991143239627597,0.03573162141054632,0.044955716198137985,0.01786581070527316,0.023315616284155134,0.009544112738629228,0.0015785060867564483,0.0005419155032427822,0.1,0.05,0.02592178699925464,9.853229343548264e-16
main,scalar_te_0.05,1,0.05,512,1.0,0.05,samplewise,5,0.08991143239627597,0.03573162141054632,0.044955716198137985,0.01786581070527316,0.023315616284155134,0.009544112738629228,0.24253133219120643,0.03413165596933418,0.1,0.05,0.02592178699925464,9.853229343548264e-16
main,scalar_te_0.05,1,0.05,512,1.0,0.2,official-featurewise,5,0.08991143239627597,0.03573162141054632,0.044955716198137985,0.01786581070527316,0.023315616284155134,0.009544112738629228,3.988887748107572e-07,1.9000972939085585e-07,0.1,0.05,0.02592178699925464,9.853229343548264e-16
main,scalar_te_0.05,1,0.05,512,1.0,0.2,samplewise,5,0.08991143239627597,0.03573162141054632,0.044955716198137985,0.01786581070527316,0.023315616284155134,0.009544112738629228,0.038523473497718896,0.003915434421241306,0.1,0.05,0.02592178699925464,9.853229343548264e-16
main,scalar_te_0.25,1,0.25,1024,1.0,0.02,official-featurewise,5,0.4951396316266444,0.03877229245810121,0.2475698158133222,0.019386146229050605,0.14492563466531294,0.012770310575634202,0.027002733245166867,0.0018351216662614168,0.5,0.25,0.14645191304295052,1.9984014443252818e-15
main,scalar_te_0.25,1,0.25,1024,1.0,0.02,samplewise,5,0.4951396316266444,0.03877229245810121,0.2475698158133222,0.019386146229050605,0.14492563466531294,0.012770310575634202,0.23774658637779603,0.014431090914330744,0.5,0.25,0.14645191304295052,1.9984014443252818e-15
main,scalar_te_0.25,1,0.25,1024,1.0,0.05,official-featurewise,5,0.4951396316266444,0.03877229245810121,0.2475698158133222,0.019386146229050605,0.14492563466531294,0.012770310575634202,0.0011646183626652373,8.46655865884288e-05,0.5,0.25,0.14645191304295052,1.9984014443252818e-15
main,scalar_te_0.25,1,0.25,1024,1.0,0.05,samplewise,5,0.4951396316266444,0.03877229245810121,0.2475698158133222,0.019386146229050605,0.14492563466531294,0.012770310575634202,0.23931113183883285,0.00883666498726116,0.5,0.25,0.14645191304295052,1.9984014443252818e-15
main,scalar_te_0.25,1,0.25,1024,1.0,0.2,official-featurewise,5,0.4951396316266444,0.03877229245810121,0.2475698158133222,0.019386146229050605,0.14492563466531294,0.012770310575634202,1.356328162671616e-07,1.440640099548902e-08,0.5,0.25,0.14645191304295052,1.9984014443252818e-15
main,scalar_te_0.25,1,0.25,1024,1.0,0.2,samplewise,5,0.4951396316266444,0.03877229245810121,0.2475698158133222,0.019386146229050605,0.14492563466531294,0.012770310575634202,0.08117284433220959,0.005482919092264602,0.5,0.25,0.14645191304295052,1.9984014443252818e-15
main,scalar_te_0.25,1,0.25,256,1.0,0.02,official-featurewise,5,0.4937518484852144,0.06402568855614565,0.2468759242426072,0.03201284427807283,0.14461036702982516,0.021303736729276625,0.06756460720502666,0.011398403109507696,0.5,0.25,0.14645191304295052,8.881784197001252e-16
main,scalar_te_0.25,1,0.25,256,1.0,0.02,samplewise,5,0.4937518484852144,0.06402568855614565,0.2468759242426072,0.03201284427807283,0.14461036702982516,0.021303736729276625,0.2029266655922754,0.017170102827364052,0.5,0.25,0.14645191304295052,8.881784197001252e-16
main,scalar_te_0.25,1,0.25,256,1.0,0.05,official-featurewise,5,0.4937518484852144,0.06402568855614565,0.2468759242426072,0.03201284427807283,0.14461036702982516,0.021303736729276625,0.013263847064980894,0.0026284350258756355,0.5,0.25,0.14645191304295052,8.881784197001252e-16
main,scalar_te_0.25,1,0.25,256,1.0,0.05,samplewise,5,0.4937518484852144,0.06402568855614565,0.2468759242426072,0.03201284427807283,0.14461036702982516,0.021303736729276625,0.2303077555066558,0.007719486387252984,0.5,0.25,0.14645191304295052,8.881784197001252e-16
main,scalar_te_0.25,1,0.25,256,1.0,0.2,official-featurewise,5,0.4937518484852144,0.06402568855614565,0.2468759242426072,0.03201284427807283,0.14461036702982516,0.021303736729276625,1.875643643174385e-05,1.2940053340287886e-06,0.5,0.25,0.14645191304295052,8.881784197001252e-16
main,scalar_te_0.25,1,0.25,256,1.0,0.2,samplewise,5,0.4937518484852144,0.06402568855614565,0.2468759242426072,0.03201284427807283,0.14461036702982516,0.021303736729276625,0.07268795381609472,0.012749623322089638,0.5,0.25,0.14645191304295052,8.881784197001252e-16
main,scalar_te_0.25,1,0.25,512,1.0,0.02,official-featurewise,5,0.4635238609515092,0.06903320107677371,0.2317619304757546,0.03451660053838686,0.1347140063474855,0.022646849561381386,0.04951511358168119,0.003413620212811441,0.5,0.25,0.14645191304295052,1.4432899320127035e-15
main,scalar_te_0.25,1,0.25,512,1.0,0.02,samplewise,5,0.4635238609515092,0.06903320107677371,0.2317619304757546,0.03451660053838686,0.1347140063474855,0.022646849561381386,0.20519011389107966,0.02026725457408469,0.5,0.25,0.14645191304295052,1.4432899320127035e-15
main,scalar_te_0.25,1,0.25,512,1.0,0.05,official-featurewise,5,0.4635238609515092,0.06903320107677371,0.2317619304757546,0.03451660053838686,0.1347140063474855,0.022646849561381386,0.004833503592500676,0.00015408788299610325,0.5,0.25,0.14645191304295052,1.4432899320127035e-15
main,scalar_te_0.25,1,0.25,512,1.0,0.05,samplewise,5,0.4635238609515092,0.06903320107677371,0.2317619304757546,0.03451660053838686,0.1347140063474855,0.022646849561381386,0.2478522570453748,0.014976652065501814,0.5,0.25,0.14645191304295052,1.4432899320127035e-15
main,scalar_te_0.25,1,0.25,512,1.0,0.2,official-featurewise,5,0.4635238609515092,0.06903320107677371,0.2317619304757546,0.03451660053838686,0.1347140063474855,0.022646849561381386,1.6627591506335193e-06,3.9346454265987714e-07,0.5,0.25,0.14645191304295052,1.4432899320127035e-15
main,scalar_te_0.25,1,0.25,512,1.0,0.2,samplewise,5,0.4635238609515092,0.06903320107677371,0.2317619304757546,0.03451660053838686,0.1347140063474855,0.022646849561381386,0.07606885983393426,0.007587086675750028,0.5,0.25,0.14645191304295052,1.4432899320127035e-15
main,scalar_te_0.75,1,0.75,1024,1.0,0.02,official-featurewise,5,1.486678636580217,0.05686073008700194,0.7433393182901085,0.02843036504350097,0.5284106297525053,0.024409761692536655,0.019905217019361744,0.0007022283305451528,1.5,0.75,0.5340586256787394,4.440892098500626e-15
main,scalar_te_0.75,1,0.75,1024,1.0,0.02,samplewise,5,1.486678636580217,0.05686073008700194,0.7433393182901085,0.02843036504350097,0.5284106297525053,0.024409761692536655,0.23735160486231485,0.017396419117860794,1.5,0.75,0.5340586256787394,4.440892098500626e-15
main,scalar_te_0.75,1,0.75,1024,1.0,0.05,official-featurewise,5,1.486678636580217,0.05686073008700194,0.7433393182901085,0.02843036504350097,0.5284106297525053,0.024409761692536655,0.0009540615869234159,4.813696921471334e-05,1.5,0.75,0.5340586256787394,4.440892098500626e-15
main,scalar_te_0.75,1,0.75,1024,1.0,0.05,samplewise,5,1.486678636580217,0.05686073008700194,0.7433393182901085,0.02843036504350097,0.5284106297525053,0.024409761692536655,0.22771503242504956,0.015772378183574333,1.5,0.75,0.5340586256787394,4.440892098500626e-15
main,scalar_te_0.75,1,0.75,1024,1.0,0.2,official-featurewise,5,1.486678636580217,0.05686073008700194,0.7433393182901085,0.02843036504350097,0.5284106297525053,0.024409761692536655,1.3193116217280475e-07,8.333863345837097e-09,1.5,0.75,0.5340586256787394,4.440892098500626e-15
main,scalar_te_0.75,1,0.75,1024,1.0,0.2,samplewise,5,1.486678636580217,0.05686073008700194,0.7433393182901085,0.02843036504350097,0.5284106297525053,0.024409761692536655,0.07831725944631884,0.0030957206651346316,1.5,0.75,0.5340586256787394,4.440892098500626e-15
main,scalar_te_0.75,1,0.75,256,1.0,0.02,official-featurewise,5,1.4887720996428628,0.08210876590337621,0.7443860498214314,0.041054382951688104,0.5294009737928609,0.03533546214665257,0.07229380513868229,0.007155406674452274,1.5,0.75,0.5340586256787394,6.661338147750939e-15
main,scalar_te_0.75,1,0.75,256,1.0,0.02,samplewise,5,1.4887720996428628,0.08210876590337621,0.7443860498214314,0.041054382951688104,0.5294009737928609,0.03533546214665257,0.2085631969313962,0.06507114543469729,1.5,0.75,0.5340586256787394,6.661338147750939e-15
main,scalar_te_0.75,1,0.75,256,1.0,0.05,official-featurewise,5,1.4887720996428628,0.08210876590337621,0.7443860498214314,0.041054382951688104,0.5294009737928609,0.03533546214665257,0.010625292850032508,0.00158689442453429,1.5,0.75,0.5340586256787394,6.661338147750939e-15
main,scalar_te_0.75,1,0.75,256,1.0,0.05,samplewise,5,1.4887720996428628,0.08210876590337621,0.7443860498214314,0.041054382951688104,0.5294009737928609,0.03533546214665257,0.2413173753563406,0.04398606949719149,1.5,0.75,0.5340586256787394,6.661338147750939e-15
main,scalar_te_0.75,1,0.75,256,1.0,0.2,official-featurewise,5,1.4887720996428628,0.08210876590337621,0.7443860498214314,0.041054382951688104,0.5294009737928609,0.03533546214665257,1.7831200062801143e-05,2.760847153377816e-06,1.5,0.75,0.5340586256787394,6.661338147750939e-15
main,scalar_te_0.75,1,0.75,256,1.0,0.2,samplewise,5,1.4887720996428628,0.08210876590337621,0.7443860498214314,0.041054382951688104,0.5294009737928609,0.03533546214665257,0.07539699468741752,0.005910090253328066,1.5,0.75,0.5340586256787394,6.661338147750939e-15
main,scalar_te_0.75,1,0.75,512,1.0,0.02,official-featurewise,5,1.4370008366751947,0.08187950049105304,0.7185004183375974,0.04093975024552652,0.507231208648651,0.03501969682769927,0.04277809078408623,0.00530944664075641,1.5,0.75,0.5340586256787394,3.1086244689504383e-15
main,scalar_te_0.75,1,0.75,512,1.0,0.02,samplewise,5,1.4370008366751947,0.08187950049105304,0.7185004183375974,0.04093975024552652,0.507231208648651,0.03501969682769927,0.20274770403453335,0.01389704397623286,1.5,0.75,0.5340586256787394,3.1086244689504383e-15
main,scalar_te_0.75,1,0.75,512,1.0,0.05,official-featurewise,5,1.4370008366751947,0.08187950049105304,0.7185004183375974,0.04093975024552652,0.507231208648651,0.03501969682769927,0.003957130594105252,0.00042523996738897285,1.5,0.75,0.5340586256787394,3.1086244689504383e-15
main,scalar_te_0.75,1,0.75,512,1.0,0.05,samplewise,5,1.4370008366751947,0.08187950049105304,0.7185004183375974,0.04093975024552652,0.507231208648651,0.03501969682769927,0.23601014684112762,0.03170292821472427,1.5,0.75,0.5340586256787394,3.1086244689504383e-15
main,scalar_te_0.75,1,0.75,512,1.0,0.2,official-featurewise,5,1.4370008366751947,0.08187950049105304,0.7185004183375974,0.04093975024552652,0.507231208648651,0.03501969682769927,1.654037916409834e-06,2.2239672054149238e-07,1.5,0.75,0.5340586256787394,3.1086244689504383e-15
main,scalar_te_0.75,1,0.75,512,1.0,0.2,samplewise,5,1.4370008366751947,0.08187950049105304,0.7185004183375974,0.04093975024552652,0.507231208648651,0.03501969682769927,0.0801927856930476,0.008906986997197447,1.5,0.75,0.5340586256787394,3.1086244689504383e-15
main,scalar_te_1.25,1,1.25,1024,1.0,0.02,official-featurewise,5,2.4828917457284363,0.06369288347916038,1.2414458728642181,0.03184644173958019,0.9812600879279516,0.03011812651764266,0.007831042313029002,0.00037794232766934905,2.5,1.25,0.9893119544450775,1.509903313490213e-14
main,scalar_te_1.25,1,1.25,1024,1.0,0.02,samplewise,5,2.4828917457284363,0.06369288347916038,1.2414458728642181,0.03184644173958019,0.9812600879279516,0.03011812651764266,0.24363824145713373,0.023674403107406598,2.5,1.25,0.9893119544450775,1.509903313490213e-14
main,scalar_te_1.25,1,1.25,1024,1.0,0.05,official-featurewise,5,2.4828917457284363,0.06369288347916038,1.2414458728642181,0.03184644173958019,0.9812600879279516,0.03011812651764266,0.00027635197726993965,1.44394070973061e-05,2.5,1.25,0.9893119544450775,1.509903313490213e-14
main,scalar_te_1.25,1,1.25,1024,1.0,0.05,samplewise,5,2.4828917457284363,0.06369288347916038,1.2414458728642181,0.03184644173958019,0.9812600879279516,0.03011812651764266,0.17592642537492367,0.013154838683669554,2.5,1.25,0.9893119544450775,1.509903313490213e-14
main,scalar_te_1.25,1,1.25,1024,1.0,0.2,official-featurewise,5,2.4828917457284363,0.06369288347916038,1.2414458728642181,0.03184644173958019,0.9812600879279516,0.03011812651764266,3.7258404006479397e-08,2.133766396370737e-09,2.5,1.25,0.9893119544450775,1.509903313490213e-14
main,scalar_te_1.25,1,1.25,1024,1.0,0.2,samplewise,5,2.4828917457284363,0.06369288347916038,1.2414458728642181,0.03184644173958019,0.9812600879279516,0.03011812651764266,0.03209176152249853,0.001087459313355479,2.5,1.25,0.9893119544450775,1.509903313490213e-14
main,scalar_te_1.25,1,1.25,256,1.0,0.02,official-featurewise,5,2.4881589075065893,0.0871757534312208,1.2440794537532947,0.0435878767156104,0.9837890057313139,0.0412053758521835,0.03545988326237044,0.0017877852019411973,2.5,1.25,0.9893119544450775,9.769962616701378e-15
main,scalar_te_1.25,1,1.25,256,1.0,0.02,samplewise,5,2.4881589075065893,0.0871757534312208,1.2440794537532947,0.0435878767156104,0.9837890057313139,0.0412053758521835,0.1930198870505775,0.026308346851107233,2.5,1.25,0.9893119544450775,9.769962616701378e-15
main,scalar_te_1.25,1,1.25,256,1.0,0.05,official-featurewise,5,2.4881589075065893,0.0871757534312208,1.2440794537532947,0.0435878767156104,0.9837890057313139,0.0412053758521835,0.003975653186471107,0.0005224002911456409,2.5,1.25,0.9893119544450775,9.769962616701378e-15
main,scalar_te_1.25,1,1.25,256,1.0,0.05,samplewise,5,2.4881589075065893,0.0871757534312208,1.2440794537532947,0.0435878767156104,0.9837890057313139,0.0412053758521835,0.1910927029286693,0.013752075907304082,2.5,1.25,0.9893119544450775,9.769962616701378e-15
main,scalar_te_1.25,1,1.25,256,1.0,0.2,official-featurewise,5,2.4881589075065893,0.0871757534312208,1.2440794537532947,0.0435878767156104,0.9837890057313139,0.0412053758521835,5.11438203645298e-06,6.807783554538001e-07,2.5,1.25,0.9893119544450775,9.769962616701378e-15
main,scalar_te_1.25,1,1.25,256,1.0,0.2,samplewise,5,2.4881589075065893,0.0871757534312208,1.2440794537532947,0.0435878767156104,0.9837890057313139,0.0412053758521835,0.03526375444485197,0.0016182265298480387,2.5,1.25,0.9893119544450775,9.769962616701378e-15
main,scalar_te_1.25,1,1.25,512,1.0,0.02,official-featurewise,5,2.429720059957936,0.07914258315212615,1.214860029978968,0.039571291576063074,0.956177964510446,0.03734628406181365,0.01852864518960331,0.0021633514067085657,2.5,1.25,0.9893119544450775,1.554312234475219e-14
main,scalar_te_1.25,1,1.25,512,1.0,0.02,samplewise,5,2.429720059957936,0.07914258315212615,1.214860029978968,0.039571291576063074,0.956177964510446,0.03734628406181365,0.21918028250746477,0.025559546051126758,2.5,1.25,0.9893119544450775,1.554312234475219e-14
main,scalar_te_1.25,1,1.25,512,1.0,0.05,official-featurewise,5,2.429720059957936,0.07914258315212615,1.214860029978968,0.039571291576063074,0.956177964510446,0.03734628406181365,0.001262059384154668,0.00016197303045928724,2.5,1.25,0.9893119544450775,1.554312234475219e-14
main,scalar_te_1.25,1,1.25,512,1.0,0.05,samplewise,5,2.429720059957936,0.07914258315212615,1.214860029978968,0.039571291576063074,0.956177964510446,0.03734628406181365,0.18870699714472322,0.02157406111543407,2.5,1.25,0.9893119544450775,1.554312234475219e-14
main,scalar_te_1.25,1,1.25,512,1.0,0.2,official-featurewise,5,2.429720059957936,0.07914258315212615,1.214860029978968,0.039571291576063074,0.956177964510446,0.03734628406181365,4.786038424242634e-07,5.859343242131435e-08,2.5,1.25,0.9893119544450775,1.554312234475219e-14
main,scalar_te_1.25,1,1.25,512,1.0,0.2,samplewise,5,2.429720059957936,0.07914258315212615,1.214860029978968,0.039571291576063074,0.956177964510446,0.03734628406181365,0.03432976152591891,0.003214398166777558,2.5,1.25,0.9893119544450775,1.554312234475219e-14
