repetition,status,standardized_slope,directional_accuracy,predicted_reversal_fraction,reversal_risk_difference,temporal_predicted_sign_retention,temporal_both_signs_retention
0,ok,0.9999999999718632,0.5436547714514836,0.0906821132527714,0.0906821132527714,0.5125695254518098,0.0007704160246533128
1,ok,0.9999999999753064,0.5531389590558148,0.10213912943740322,0.10213912943740322,0.5070074893070278,0.0001926040061633282
2,ok,0.999999999966101,0.5522001725625539,0.10071077477987199,0.10071077477987199,0.5233723859275414,0.0001926040061633282
3,ok,0.999999999968062,0.5502021177356268,0.09867838520316138,0.09867838520316138,0.5161197612889047,0.0001926040061633282
4,ok,0.999999999950067,0.5653977990257983,0.12927710843373494,0.12927710843373494,0.4997548646683911,0.0
5,ok,0.9999999999271971,0.582448658960835,0.16296229640961038,0.16296229640961038,0.5351726936146473,0.0
6,ok,0.9999999999850072,0.5689694297662657,0.13423408757935862,0.13423408757935862,0.5156125847407482,0.0005778120184899846
7,ok,0.9999999999708564,0.5445705832488407,0.08501970213050157,0.08501970213050157,0.5111494311169719,0.0
8,ok,0.9999999999851769,0.5505721274604765,0.10360183366077276,0.10360183366077276,0.49963652347382126,0.0003852080123266564
9,ok,0.9999999999844481,0.5391835814761292,0.0854120618882223,0.0854120618882223,0.5322141637504015,0.0
10,ok,0.9999999999663275,0.5957260684828792,0.19037290397931092,0.19037290397931092,0.5273114571182228,0.0001926040061633282
11,ok,0.9999999999597017,0.5383654735066578,0.0712024800130527,0.0712024800130527,0.5243867390238542,0.0001926040061633282
12,ok,0.9999999999784746,0.5262468812529335,0.05075853193753557,0.05075853193753557,0.5243867390238542,0.0005778120184899846
13,ok,0.9999999999761781,0.5717631485158596,0.14266784452296818,0.14266784452296818,0.518232996906223,0.0007704160246533128
14,ok,0.9999999999801795,0.569332629823158,0.13464432284541725,0.13464432284541725,0.5377592940102449,0.0005778120184899846
15,ok,0.999999999951002,0.5620395846276738,0.12111497016653308,0.12111497016653308,0.5325184696792954,0.0
16,ok,0.9999999999851824,0.5467992787106953,0.09257587724246868,0.09257587724246868,0.5338202228195635,0.0003852080123266564
17,ok,0.9999999999801111,0.5463773244964931,0.0983244867941421,0.0983244867941421,0.5219861033625806,0.0
18,ok,0.9999999999717669,0.5953347071445263,0.1966597781620345,0.1966597781620345,0.5290527632668932,0.0001926040061633282
19,ok,0.999999999972798,0.5515599214145384,0.10344394167923579,0.10344394167923579,0.4829504150394752,0.0
20,ok,0.9999999999694572,0.6608359299452026,0.31725569926893626,0.31725569926893626,0.5045392301059999,0.0005778120184899846
21,ok,0.9999999999687714,0.5651953125,0.12862063566619697,0.12862063566619697,0.4589609643116769,0.0
22,ok,0.999999999974765,0.5632089263808836,0.1219174380109452,0.1219174380109452,0.5452824128078985,0.0
23,ok,0.9999999999832004,0.5398234815002737,0.08262350936967632,0.08262350936967632,0.5084952071816199,0.000963020030816641
24,ok,0.9999999999694376,0.590599466908242,0.1789532527426455,0.1789532527426455,0.5344795523321668,0.0007704160246533128
25,ok,0.9999999999723914,0.563051316721396,0.12500402926860715,0.12500402926860715,0.5051140301939105,0.0003852080123266564
26,ok,0.9999999999194834,0.5839586879158286,0.16491323420940254,0.16491323420940254,0.5102534192152288,0.0001926040061633282
27,ok,0.9999999999746695,0.6291076691262825,0.2613415710503089,0.2613415710503089,0.5146658551841896,0.0011556240369799693
28,ok,0.9999999999798416,0.6111507769844603,0.22535977242302543,0.22535977242302543,0.5200081148247705,0.0
29,ok,0.9999999999823049,0.5676158110636252,0.13935294318608862,0.13935294318608862,0.5158154553600108,0.0
30,ok,0.9999999999870608,0.531172499311105,0.05516347733530787,0.05516347733530787,0.5058240773613295,0.0005778120184899846
31,ok,0.9999999999685313,0.5399996573171358,0.08306294613887086,0.08306294613887086,0.4967963348041453,0.0003852080123266564
32,ok,0.9999999999465631,0.6132388121941049,0.232591560336193,0.232591560336193,0.5144460786799885,0.0001926040061633282
33,ok,0.9999999999694409,0.5588062334607469,0.11370348493797992,0.11370348493797992,0.5283765278693513,0.0007704160246533128
34,ok,0.9999999999828011,0.5345597491746039,0.07288512490537472,0.07288512490537472,0.5367449409139321,0.0001926040061633282
35,ok,0.9999999999799576,0.5379522638328151,0.08154480044277719,0.08154480044277719,0.5319436695913847,0.0
36,ok,0.9999999999785324,0.5697418328643093,0.14375285344696392,0.14375285344696392,0.485384862470626,0.0003852080123266564
37,ok,0.9999999999852095,0.5399318504219132,0.07682601167943187,0.07682601167943187,0.533651163970178,0.0
38,ok,0.9999999999758022,0.5446312450436162,0.0895512922149992,0.0895512922149992,0.4854186742405031,0.0001926040061633282
39,ok,0.9999999999403532,0.6140480264322379,0.23638592190509544,0.23638592190509544,0.49011851025341924,0.0
40,ok,0.9999999999827653,0.5360226748401555,0.07498423044575274,0.07498423044575274,0.5224256563709827,0.0005778120184899846
41,ok,0.9999999999674564,0.6624832546005781,0.3255213225624648,0.3255213225624648,0.4855539213200115,0.000963020030816641
42,ok,0.9999999999669352,0.5479833101529903,0.09513715316227418,0.09513715316227418,0.5560683673986915,0.0
43,ok,0.9999999999822942,0.5655602890422778,0.12794631017779343,0.12794631017779343,0.48122601477574345,0.0001926040061633282
44,ok,0.9999999999809579,0.5556688417618271,0.10556201682971882,0.10556201682971882,0.5221044445571503,0.0
45,ok,0.9999999999767532,0.6205039222065575,0.23960596841952775,0.23960596841952775,0.4790282497337323,0.0005778120184899846
46,ok,0.9999999999651246,0.5354670871107607,0.07378182961332914,0.07378182961332914,0.5212422444252844,0.0
47,ok,0.9999999999739817,0.5689021092482422,0.14626918957515173,0.14626918957515173,0.52036313840848,0.0003852080123266564
48,ok,0.9999999999772259,0.554783828816978,0.10783073246168987,0.10783073246168987,0.49309394600260353,0.0001926040061633282
49,ok,0.9999999999625256,0.6475042389612803,0.2976675305442429,0.2976675305442429,0.5166100319521225,0.0005778120184899846
50,ok,0.9999999999750505,0.5773715319272633,0.1537043624486628,0.1537043624486628,0.522865209379385,0.0007704160246533128
51,ok,0.9999999999360536,0.549463775666014,0.1081715382974184,0.1081715382974184,0.5317407989721222,0.0007704160246533128
52,ok,0.9999999999794249,0.5417987513669902,0.08550904821107888,0.08550904821107888,0.5327889638383121,0.0003852080123266564
53,ok,0.9999999999818788,0.5318040952637015,0.057647393904870406,0.057647393904870406,0.5162550083684131,0.0
54,ok,0.9999999999739219,0.5779986255748797,0.157467018469657,0.157467018469657,0.511927101824145,0.0003852080123266564
55,ok,0.9999999999751017,0.5683078264842079,0.14250948688335258,0.14250948688335258,0.5180977498267146,0.0
56,ok,0.9999999999714203,0.5533772777209531,0.10400516795865633,0.10400516795865633,0.5153759023516086,0.0005778120184899846
57,ok,0.9999999999841984,0.5550345575281204,0.10932074652777778,0.10932074652777778,0.5050295007692177,0.0005778120184899846
58,ok,0.9999999999762283,0.5444866676287139,0.09155154771041187,0.09155154771041187,0.5098476779767037,0.0003852080123266564
59,ok,0.9999999999658792,0.5841007803629679,0.1689354652837799,0.1689354652837799,0.4998732058629609,0.0
60,ok,0.9999999999805356,0.5452898765198243,0.0881724514505484,0.0881724514505484,0.5365758820645466,0.0003852080123266564
61,ok,0.9999999999762208,0.5526107803361611,0.10511154048831899,0.10511154048831899,0.5225270916806141,0.0003852080123266564
62,ok,0.9999999999774791,0.5887276785714286,0.17755734655920644,0.17755734655920644,0.5130597961150276,0.0
63,ok,0.9999999999699296,0.5377345292316301,0.08028700439166203,0.08028700439166203,0.5265337864110496,0.0003852080123266564
64,ok,0.9999999999864981,0.5398918918918919,0.08438112540039203,0.08438112540039203,0.536863282108502,0.0001926040061633282
65,ok,0.9999999999326057,0.5938989513822688,0.18957660487545902,0.18957660487545902,0.5224594681408599,0.0001926040061633282
66,ok,0.9999999999884895,0.5386781922487864,0.07471428943326477,0.07471428943326477,0.5077006305895082,0.0003852080123266564
67,ok,0.9999999999363739,0.5815733020766526,0.16305405644519155,0.16305405644519155,0.5087995131105137,0.0007704160246533128
68,ok,0.9999999999833404,0.5510388186473846,0.10514522821576763,0.10514522821576763,0.518232996906223,0.0001926040061633282
69,ok,0.9999999999787673,0.5559686348361121,0.1056211373074785,0.1056211373074785,0.5193487853121672,0.0003852080123266564
70,ok,0.9999999999796886,0.5294339338207583,0.06204927884615385,0.06204927884615385,0.5331270815370831,0.0003852080123266564
71,ok,0.9999999999742817,0.534819750294176,0.07676442934700191,0.07676442934700191,0.4959341346722794,0.0005778120184899846
72,ok,0.999999999969376,0.5800668031462127,0.16036882243957085,0.16036882243957085,0.5428986830315633,0.0003852080123266564
73,ok,0.9999999999829455,0.5454602993765626,0.08919116015092425,0.08919116015092425,0.5457219658163006,0.0011556240369799693
74,ok,0.9999999999839874,0.5421870451741679,0.08410748454008486,0.08410748454008486,0.5187908911091951,0.0005778120184899846
75,ok,0.9999999999722137,0.5596541588600306,0.11245842572062084,0.11245842572062084,0.5098814897465808,0.0005778120184899846
76,ok,0.9999999999662399,0.5435447685090761,0.09074792243767313,0.09074792243767313,0.5156125847407482,0.0
77,ok,0.9999999999804076,0.5527082941508369,0.10519219915971656,0.10519219915971656,0.5402782708660885,0.0001926040061633282
78,ok,0.9999999999777008,0.550961507797302,0.10086206896551723,0.10086206896551723,0.5350543524200775,0.0001926040061633282
79,ok,0.9999999999127688,0.5551510881478002,0.11075466531043386,0.11075466531043386,0.5448090480296192,0.0
80,ok,0.9999999999683096,0.5428009556469308,0.09459285484390087,0.09459285484390087,0.5270071511893291,0.0001926040061633282
81,ok,0.9999999999841768,0.544546264477536,0.09209691741722695,0.09209691741722695,0.5086642660310053,0.0
82,ok,0.9999999999827854,0.5651337336244542,0.12855502078319841,0.12855502078319841,0.5419519534750047,0.0005778120184899846
83,ok,0.9999999999398017,0.5644450440726749,0.13346257083209068,0.13346257083209068,0.5423238829436526,0.0
84,ok,0.99999999996723,0.5363150953713532,0.07474326059050064,0.07474326059050064,0.5182837145610387,0.0003852080123266564
85,ok,0.999999999974386,0.5499521395398306,0.10022326966013397,0.10022326966013397,0.5044716065662457,0.0
86,ok,0.99999999998439,0.528380932917795,0.060481921579603574,0.060481921579603574,0.5041673006373518,0.0001926040061633282
87,ok,0.9999999999801168,0.5731214197461529,0.14760716588634387,0.14760716588634387,0.5219522915927034,0.0001926040061633282
88,ok,0.9999999999524694,0.684248039914469,0.37136700478267726,0.37136700478267726,0.5089178543050836,0.0007704160246533128
89,ok,0.9999999999901109,0.5282126217197063,0.05273789769857875,0.05273789769857875,0.5143953610251729,0.0
90,ok,0.9999999999760841,0.5521698698078116,0.09872422720608877,0.09872422720608877,0.5308616929553177,0.0
91,ok,0.9999999998512945,0.6515710382513661,0.30276107162383814,0.30276107162383814,0.5082247130226032,0.0003852080123266564
92,ok,0.9999999999745536,0.5523630167697964,0.10695244570079078,0.10695244570079078,0.5230849858835861,0.0001926040061633282
93,ok,0.9999999999628575,0.5927495598878529,0.18409823216929375,0.18409823216929375,0.5177765380128823,0.0001926040061633282
94,ok,0.9999999999788253,0.5293454431569057,0.05966861891174851,0.05966861891174851,0.5064326892191172,0.0
95,ok,0.9999999999802525,0.5586296209088768,0.11668728279436885,0.11668728279436885,0.5084275836418657,0.0001926040061633282
96,ok,0.9999999999818187,0.5364980645579256,0.07588478429346422,0.07588478429346422,0.48425216817974337,0.0001926040061633282
97,ok,0.9999999999561474,0.5612616564007704,0.12660390251309694,0.12660390251309694,0.5149701611130835,0.0
98,ok,0.9999999999611304,0.5970350404312669,0.1933090516659922,0.1933090516659922,0.5055535832023127,0.0001926040061633282
99,ok,0.9999999999800282,0.5383378983451149,0.07169711760437966,0.07169711760437966,0.5388581765312506,0.0
100,ok,0.9999999999795524,0.5428619986403806,0.09119167483190864,0.09119167483190864,0.5263816334466027,0.0001926040061633282
101,ok,0.9999999999700027,0.5266468466980483,0.05428296438883542,0.05428296438883542,0.5391286706902673,0.0001926040061633282
102,ok,0.9999999999726413,0.5335049594911789,0.06696753089411195,0.06696753089411195,0.5403797061757197,0.0003852080123266564
103,ok,0.9999999999804905,0.5819213554987213,0.16300652026081044,0.16300652026081044,0.5247079508376866,0.0
104,ok,0.9999999999695729,0.5890975526852481,0.17903225806451614,0.17903225806451614,0.5182837145610387,0.0003852080123266564
105,ok,0.9999999999658166,0.5871351728259787,0.17245682340021962,0.17245682340021962,0.5366773173741779,0.0005778120184899846
106,ok,0.9999999999675909,0.5612194845866506,0.1191486138463869,0.1191486138463869,0.53130124596372,0.000963020030816641
107,ok,0.9999999999781054,0.5574687980545722,0.1152539949236764,0.1152539949236764,0.5088164189954523,0.0007704160246533128
108,ok,0.9999999998949799,0.6163434552855807,0.24205794205794207,0.24205794205794207,0.5372183056922114,0.0011556240369799693
109,ok,0.9999999999574682,0.5476588471723982,0.09560645888096132,0.09560645888096132,0.5368125644536863,0.0
110,ok,0.9999999999604505,0.5938655944859276,0.18354810401367141,0.18354810401367141,0.4933137225068046,0.0003852080123266564
111,ok,0.9999999999791895,0.570989816261652,0.1444842406876791,0.1444842406876791,0.5348852935706919,0.0001926040061633282
112,ok,0.9999999999692349,0.5743591666822929,0.15472555299024354,0.15472555299024354,0.539923247282379,0.0003852080123266564
113,ok,0.9999999999756604,0.5867022517792556,0.17086515111618245,0.17086515111618245,0.4839816740207266,0.0003852080123266564
114,ok,0.9999999999640948,0.551784993949173,0.10084968642524783,0.10084968642524783,0.5290527632668932,0.0001926040061633282
115,ok,0.9999999999743894,0.6047559031767802,0.21144103834633732,0.21144103834633732,0.5073963246606144,0.0005778120184899846
116,ok,0.9999999999371537,0.5924367172656139,0.17885074503992757,0.17885074503992757,0.5364575408699769,0.0001926040061633282
117,ok,0.9999999999776725,0.5545840619535348,0.11188593487329557,0.11188593487329557,0.5216987033186252,0.0001926040061633282
118,ok,0.9999999999708021,0.5627145497755479,0.12478712784074227,0.12478712784074227,0.4982164291389833,0.0005778120184899846
119,ok,0.9999999999364658,0.5604288125191776,0.12351344116859776,0.12351344116859776,0.5440820949772616,0.0001926040061633282
120,ok,0.9999999999845433,0.5533336225220145,0.10709330558446063,0.10709330558446063,0.4952917110446146,0.0001926040061633282
121,ok,0.9999999999476779,0.5455108151964803,0.08780176610818252,0.08780176610818252,0.5294754103903568,0.0003852080123266564
122,ok,0.9999999999838881,0.547321315221531,0.09294413176889567,0.09294413176889567,0.5173369850044801,0.0001926040061633282
123,ok,0.9999999999666099,0.5595701604111509,0.12313476221851866,0.12313476221851866,0.5057902655914523,0.0001926040061633282
124,ok,0.9999999999594067,0.5631678762901637,0.11261344693461753,0.11261344693461753,0.5203969501783571,0.0001926040061633282
125,ok,0.9999999999750375,0.5363392203141532,0.07033289817232376,0.07033289817232376,0.5208026914168822,0.0003852080123266564
126,ok,0.9999999998321601,0.6648136909819152,0.32899212751482165,0.32899212751482165,0.5249108214569491,0.0007704160246533128
127,ok,0.9999999999762383,0.5545949111532357,0.10245341614906832,0.10245341614906832,0.512146878328346,0.0
128,ok,0.9999999999687119,0.574999549768581,0.14552103700485192,0.14552103700485192,0.49853764095281566,0.0001926040061633282
129,ok,0.9999999999704918,0.5326326255237555,0.0654112701658714,0.0654112701658714,0.522865209379385,0.0007704160246533128
130,ok,0.9999999999669424,0.5787742000200622,0.15393294648613798,0.15393294648613798,0.5276833865868709,0.0
131,ok,0.9999999999653781,0.5722779998050492,0.13740908197365834,0.13740908197365834,0.5163226319081672,0.0005778120184899846
132,ok,0.9999999999144396,0.5300950697126197,0.05932940080720273,0.05932940080720273,0.5566769792564792,0.0005778120184899846
133,ok,0.9999999999658618,0.555784115473119,0.11655803633337956,0.11655803633337956,0.5282243749049044,0.0
134,ok,0.9999999999772923,0.537509855054885,0.07480649309683837,0.07480649309683837,0.5030007945765921,0.0001926040061633282
135,ok,0.9999999999864477,0.5308546536597337,0.056604239149209166,0.056604239149209166,0.5180808439417761,0.0001926040061633282
136,ok,0.9999999999781987,0.5443724551966,0.0872529173612765,0.0872529173612765,0.498114993829352,0.0005778120184899846
137,ok,0.9999999999852054,0.5394298262813223,0.07628784899724735,0.07628784899724735,0.5366942232591165,0.0001926040061633282
138,ok,0.9999999999650497,0.5687203791469194,0.13638651233014595,0.13638651233014595,0.4992476881202347,0.0
139,ok,0.9999999999883195,0.5439348615487979,0.08861326002173774,0.08861326002173774,0.4978614055552738,0.0001926040061633282
140,ok,0.9999999999776293,0.5750910594569865,0.14620089806597603,0.14620089806597603,0.49461547564707276,0.0
141,ok,0.9999999999773492,0.5609870573175935,0.12409194097616345,0.12409194097616345,0.5281398454802116,0.0001926040061633282
142,ok,0.9999999999815008,0.5435134891816463,0.09176941218616592,0.09176941218616592,0.47421007252624636,0.0
143,ok,0.9999999999711132,0.5504900359359687,0.10130302733418242,0.10130302733418242,0.5066524657233182,0.0
144,ok,0.9999999999836893,0.5183564581073837,0.04121894930143683,0.04121894930143683,0.5289006103024463,0.0007704160246533128
145,ok,0.9999999999461477,0.6775954662789663,0.3642639831500117,0.3642639831500117,0.5071427363865362,0.0
146,ok,0.9999999999583518,0.6223045436875443,0.24679647954763098,0.24679647954763098,0.5166776554918767,0.0001926040061633282
147,ok,0.9999999999751469,0.5528352350958267,0.10287347197967932,0.10287347197967932,0.5110818075772177,0.0
148,ok,0.999999999978763,0.5419778403525954,0.08007008053113665,0.08007008053113665,0.5426958124123007,0.0003852080123266564
149,ok,0.9999999999764112,0.5420616199476129,0.08384481760277938,0.08384481760277938,0.5021216885597877,0.0001926040061633282
150,ok,0.9999999999844514,0.5360405386644453,0.07406073368059404,0.07406073368059404,0.5112339605416646,0.0001926040061633282
151,ok,0.9999999999744823,0.5491535299258732,0.09894873038977843,0.09894873038977843,0.5186556440296868,0.0
152,ok,0.999999999966745,0.5440531852717709,0.08603646481657758,0.08603646481657758,0.5436256360839208,0.0001926040061633282
153,ok,0.9999999999647113,0.6029746487716819,0.20877487975599265,0.20877487975599265,0.5232709506179101,0.0001926040061633282
154,ok,0.9999999999783387,0.5435752106793944,0.08795302813543157,0.08795302813543157,0.5261618569424017,0.0001926040061633282
155,ok,0.999999999932394,0.5888635394990849,0.18327605956471935,0.18327605956471935,0.5511656607665129,0.0005778120184899846
156,ok,0.9999999999800665,0.5415473179728654,0.08969592720008877,0.08969592720008877,0.523423103582357,0.0001926040061633282
157,ok,0.9999999999512228,0.5635840031238815,0.12408973647258596,0.12408973647258596,0.49662727595475986,0.0
158,ok,0.9999999999808482,0.5533888461727223,0.10649996727106108,0.10649996727106108,0.512079254788592,0.0005778120184899846
159,ok,0.999999999981359,0.5694695575646052,0.14342109452102766,0.14342109452102766,0.517117208500279,0.0001926040061633282
160,ok,0.9999999999394013,0.5687912087912088,0.1352417184745291,0.1352417184745291,0.5484607191763453,0.0003852080123266564
161,ok,0.9999999999793239,0.5659362378619919,0.12648289696676235,0.12648289696676235,0.520177173674156,0.0001926040061633282
162,ok,0.9999999999804362,0.554408674713578,0.1001362819798055,0.1001362819798055,0.49189362817196663,0.0001926040061633282
163,ok,0.999999999953592,0.5943869209809264,0.18688321619751647,0.18688321619751647,0.5450288245338202,0.0
164,ok,0.9999999999809298,0.5586513547231374,0.11141881883171251,0.11141881883171251,0.4991293469256648,0.0003852080123266564
165,ok,0.9999999999836902,0.5333876029352776,0.06039008861330863,0.06039008861330863,0.5296613751246809,0.0003852080123266564
166,ok,0.9999999999686716,0.5428556997828173,0.08557284299858557,0.08557284299858557,0.5127554901861338,0.0001926040061633282
167,ok,0.9999999999666046,0.5644153836512148,0.1400230965932525,0.1400230965932525,0.5210055620361448,0.0007704160246533128
168,ok,0.999999999984742,0.5449227726633333,0.08932552954292085,0.08932552954292085,0.5019695355953407,0.0003852080123266564
169,ok,0.9999999999515736,0.639429838152218,0.2839289940828402,0.2839289940828402,0.5000253588274078,0.0003852080123266564
170,ok,0.9999999999775268,0.5520044366978292,0.10937155457552371,0.10937155457552371,0.5432875183851499,0.0
171,ok,0.9999999999819492,0.5316638802926286,0.06195972261802983,0.06195972261802983,0.48807289817585503,0.0
172,ok,0.9999999999719044,0.5652957332540279,0.1274010605049689,0.1274010605049689,0.5038799005933966,0.0005778120184899846
173,ok,0.9999999999225689,0.5626700071581962,0.12204059637147477,0.12204059637147477,0.5304559517167926,0.0001926040061633282
174,ok,0.9999999999757795,0.5476118682909179,0.09921647503827564,0.09921647503827564,0.5421886358641443,0.0005778120184899846
175,ok,0.9999999999755184,0.5742004016664177,0.14611902542937025,0.14611902542937025,0.5330425521123904,0.0
176,ok,0.9999999999724467,0.545763468993794,0.08877936375856109,0.08877936375856109,0.5293401633108485,0.0005778120184899846
177,ok,0.9999999999690987,0.5448904578208021,0.08625602805786936,0.08625602805786936,0.5361870467109601,0.0005778120184899846
178,ok,0.9999999999467402,0.6023738872403561,0.20225814729278932,0.20225814729278932,0.511031089922402,0.0005778120184899846
179,ok,0.9999999999362726,0.5810538885080601,0.17063561547890035,0.17063561547890035,0.51838514987067,0.0001926040061633282
180,ok,0.9999999999814629,0.5509948403474936,0.10548440065681446,0.10548440065681446,0.5070243951919663,0.0001926040061633282
181,ok,0.9999999999750877,0.5738605061152532,0.155229531471841,0.155229531471841,0.5189768558435192,0.0001926040061633282
182,ok,0.9999999999679905,0.5520538133349943,0.11294748851407604,0.11294748851407604,0.5283089043295971,0.0
183,ok,0.999999999982981,0.6035783227282476,0.20712830229149537,0.20712830229149537,0.5035755946645027,0.0001926040061633282
184,ok,0.9999999999680792,0.5560150102011076,0.11118809714827511,0.11118809714827511,0.5334144815810383,0.0005778120184899846
185,ok,0.9999999999593854,0.5642577615444822,0.12365328109696376,0.12365328109696376,0.5107267839935081,0.0003852080123266564
186,ok,0.9999999999608783,0.5672079938277413,0.14073825001868043,0.14073825001868043,0.4996872411286369,0.000963020030816641
187,ok,0.999999999982835,0.544052261248687,0.08567059095106186,0.08567059095106186,0.5277002924718094,0.0
188,ok,0.9999999999804975,0.59413419462388,0.1876759461995621,0.1876759461995621,0.5000591705972849,0.0005778120184899846
189,ok,0.99999999996249,0.5520778104832075,0.10554561717352415,0.10554561717352415,0.5207181619921895,0.0001926040061633282
190,ok,0.999999999977948,0.5651363081513631,0.13042004271620844,0.13042004271620844,0.5365758820645466,0.0001926040061633282
191,ok,0.9999999999803075,0.5635037571828496,0.1306899460807688,0.1306899460807688,0.5334482933509155,0.0007704160246533128
192,ok,0.9999999999789002,0.5441496118560338,0.08481156134882403,0.08481156134882403,0.5086473601460668,0.0001926040061633282
193,ok,0.9999999999705127,0.5428830953595104,0.08410230211692583,0.08410230211692583,0.5350881641899545,0.0
194,ok,0.9999999999746835,0.5358204226945648,0.0757816958519809,0.0757816958519809,0.5089009484201451,0.0001926040061633282
195,ok,0.9999999999879334,0.5564199732501115,0.11179056843796728,0.11179056843796728,0.5075822893949383,0.0
196,ok,0.999999999982723,0.5331597824829342,0.06378486240660819,0.06378486240660819,0.5088840425352065,0.0001926040061633282
197,ok,0.9999999999881656,0.5585216178521618,0.11524163568773234,0.11524163568773234,0.5195854677013069,0.0003852080123266564
198,ok,0.9999999999639324,0.5606141248720573,0.11568885959129861,0.11568885959129861,0.5262632922520329,0.0003852080123266564
199,ok,0.9999999999738186,0.5532638741229002,0.10832163494499036,0.10832163494499036,0.513752937397508,0.0001926040061633282
